CWE_ID,Name,Abstraction,Structure,Status,Mapping_Status,Description
1004,Sensitive Cookie Without 'HttpOnly' Flag,Variant,Simple,Incomplete,Allowed,"The product uses a cookie to store sensitive information, but the cookie is not marked with the HttpOnly flag."
1007,Insufficient Visual Distinction of Homoglyphs Presented to User,Base,Simple,Incomplete,Allowed,"The product displays information or identifiers to a user, but the display mechanism does not make it easy for the user to distinguish between visually similar or identical glyphs (homoglyphs), which may cause the user to misinterpret a glyph and perform an unintended, insecure action."
102,Struts: Duplicate Validation Forms,Variant,Simple,Incomplete,Allowed,"The product uses multiple validation forms with the same name, which might cause the Struts Validator to validate a form that the programmer does not expect."
1021,Improper Restriction of Rendered UI Layers or Frames,Base,Simple,Incomplete,Allowed,The web application does not restrict or incorrectly restricts frame objects or UI layers that belong to another application or domain.
1022,Use of Web Link to Untrusted Target with window.opener Access,Variant,Simple,Incomplete,Allowed,"The web application produces links to untrusted external sites outside of its sphere of control, but it does not properly prevent the external site from modifying security-critical properties of the window.opener object, such as the location property."
1024,Comparison of Incompatible Types,Base,Simple,Incomplete,Allowed,"The product performs a comparison between two entities, but the entities are of different, incompatible types that cannot be guaranteed to provide correct results when they are directly compared."
1025,Comparison Using Wrong Factors,Base,Simple,Incomplete,Allowed,"The code performs a comparison between two entities, but the comparison examines the wrong factors or characteristics of the entities, which can lead to incorrect results and resultant weaknesses."
103,Struts: Incomplete validate() Method Definition,Variant,Simple,Draft,Allowed,"The product has a validator form that either does not define a validate() method, or defines a validate() method but does not call super.validate()."
1037,Processor Optimization Removal or Modification of Security-critical Code,Base,Simple,Incomplete,Allowed,"The developer builds a security-critical protection mechanism into the software, but the processor optimizes the execution of the program such that the mechanism is removed or modified."
104,Struts: Form Bean Does Not Extend Validation Class,Variant,Simple,Draft,Allowed,"If a form bean does not extend an ActionForm subclass of the Validator framework, it can expose the application to other weaknesses related to insufficient input validation."
1045,Parent Class with a Virtual Destructor and a Child Class without a Virtual Destructor,Base,Simple,Incomplete,Allowed,"A parent class has a virtual destructor method, but the parent has a child class that does not have a virtual destructor."
1046,Creation of Immutable Text Using String Concatenation,Base,Simple,Incomplete,Allowed,The product creates an immutable text string using string concatenation operations.
1049,Excessive Data Query Operations in a Large Data Table,Base,Simple,Incomplete,Allowed,"The product performs a data query with a large number of joins
					and sub-queries on a large data table."
105,Struts: Form Field Without Validator,Variant,Simple,Draft,Allowed,"The product has a form field that is not validated by a corresponding validation form, which can introduce other weaknesses related to insufficient input validation."
1050,Excessive Platform Resource Consumption within a Loop,Base,Simple,Incomplete,Allowed,"The product has a loop body or loop condition that contains a control element that directly or
					indirectly consumes platform resources, e.g. messaging, sessions, locks, or file
					descriptors."
1052,Excessive Use of Hard-Coded Literals in Initialization,Base,Simple,Incomplete,Allowed,"The product initializes a data element using a hard-coded
					literal that is not a simple integer or static constant element."
1058,Invokable Control Element in Multi-Thread Context with non-Final Static Storable or Member Element,Base,Simple,Incomplete,Allowed,"The code contains a function or method that
		 operates in a multi-threaded environment but owns an unsafe non-final
		                     static storable or member data element."
106,Struts: Plug-in Framework not in Use,Variant,Simple,Draft,Allowed,"When an application does not use an input validation framework such as the Struts Validator, there is a greater risk of introducing weaknesses related to insufficient input validation."
1067,Excessive Execution of Sequential Searches of Data Resource,Base,Simple,Incomplete,Allowed,"The product contains a data query against an SQL table or view
					that is configured in a way that does not utilize an index and may cause
					sequential searches to be performed."
1069,Empty Exception Block,Variant,Simple,Incomplete,Allowed,"An invokable code block contains an exception handling block that does not contain any code, i.e. is empty."
107,Struts: Unused Validation Form,Variant,Simple,Draft,Allowed,An unused validation form indicates that validation logic is not up-to-date.
1071,Empty Code Block,Base,Simple,Incomplete,Allowed,"The source code contains a block that does not contain any code, i.e., the block is empty."
1075,Unconditional Control Flow Transfer outside of Switch Block,Base,Simple,Incomplete,Allowed,"The product performs unconditional control transfer (such as a
					""goto"") in code outside of a branching structure such as a switch
					block."
1077,Floating Point Comparison with Incorrect Operator,Variant,Simple,Incomplete,Allowed,"The code performs a comparison such as an
        equality test between two float (floating point) values, but
        it uses comparison operators that do not account for the
        possibility of loss of precision."
1079,Parent Class without Virtual Destructor Method,Base,Simple,Incomplete,Allowed,"A parent class contains one or more child classes, but the parent class does not have a virtual destructor method."
108,Struts: Unvalidated Action Form,Variant,Simple,Incomplete,Allowed,Every Action Form must have a corresponding validation form.
1087,Class with Virtual Method without a Virtual Destructor,Base,Simple,Incomplete,Allowed,"A class contains a virtual method, but the method does not have an associated virtual destructor."
1088,Synchronous Access of Remote Resource without Timeout,Base,Simple,Incomplete,Allowed,"The code has a synchronous call to a remote resource, but there is no timeout for the call, or the timeout is set to infinite."
1089,Large Data Table with Excessive Number of Indices,Base,Simple,Incomplete,Allowed,"The product uses a large data table that contains an excessively large number of
					indices."
109,Struts: Validator Turned Off,Variant,Simple,Draft,Allowed,"Automatic filtering via a Struts bean has been turned off, which disables the Struts Validator and custom validation logic. This exposes the application to other weaknesses related to insufficient input validation."
1091,Use of Object without Invoking Destructor Method,Base,Simple,Incomplete,Allowed,"The product contains a method that accesses an object but does not later invoke
					the element's associated finalize/destructor method."
1096,Singleton Class Instance Creation without Proper Locking or Synchronization,Variant,Simple,Incomplete,Allowed,The product implements a Singleton design pattern but does not use appropriate locking or other synchronization mechanism to ensure that the singleton class is only instantiated once.
1098,Data Element containing Pointer Item without Proper Copy Control Element,Base,Simple,Incomplete,Allowed,The code contains a data element with a pointer that does not have an associated copy or constructor method.
11,ASP.NET Misconfiguration: Creating Debug Binary,Variant,Simple,Draft,Allowed,Debugging messages help attackers learn about the system and plan a form of attack.
110,Struts: Validator Without Form Field,Variant,Simple,Draft,Allowed,Validation fields that do not appear in forms they are associated with indicate that the validation logic is out of date.
1100,Insufficient Isolation of System-Dependent Functions,Base,Simple,Incomplete,Allowed,"The product or code does not isolate system-dependent
					functionality into separate standalone modules."
1102,Reliance on Machine-Dependent Data Representation,Base,Simple,Incomplete,Allowed,"The code uses a data representation that relies on low-level
					data representation or constructs that may vary across different processors,
					physical machines, OSes, or other physical components."
1104,Use of Unmaintained Third Party Components,Base,Simple,Incomplete,Allowed,"The product relies on third-party components that are not
					actively supported or maintained by the original developer or a trusted proxy
					for the original developer."
1108,Excessive Reliance on Global Variables,Base,Simple,Incomplete,Allowed,"The code is structured in a way that relies too much on using
					or setting global variables throughout various points in the code, instead of
					preserving the associated information in a narrower, more local
					context."
111,Direct Use of Unsafe JNI,Variant,Simple,Draft,Allowed,"When a Java application uses the Java Native Interface (JNI) to call code written in another programming language, it can expose the application to weaknesses in that code, even if those weaknesses cannot occur in Java."
1116,Inaccurate Source Code Comments,Base,Simple,Incomplete,Allowed,"The source code contains comments that do not accurately
					describe or explain aspects of the portion of the code with which the comment is
					associated."
112,Missing XML Validation,Base,Simple,Draft,Allowed,The product accepts XML from an untrusted source but does not validate the XML against the proper schema.
1123,Excessive Use of Self-Modifying Code,Base,Simple,Incomplete,Allowed,The product uses too much self-modifying code.
1126,Declaration of Variable with Unnecessarily Wide Scope,Base,Simple,Incomplete,Allowed,"The source code declares a variable in one scope, but the
					variable is only used within a narrower scope."
1127,Compilation with Insufficient Warnings or Errors,Base,Simple,Incomplete,Allowed,"The code is compiled without sufficient warnings enabled, which
					may prevent the detection of subtle bugs or quality
					issues."
113,Improper Neutralization of CRLF Sequences in HTTP Headers ('HTTP Request/Response Splitting'),Variant,Simple,Incomplete,Allowed,"The product receives data from an HTTP agent/component (e.g., web server, proxy, browser, etc.), but it does not neutralize or incorrectly neutralizes CR and LF characters before the data is included in outgoing HTTP headers."
115,Misinterpretation of Input,Base,Simple,Incomplete,Allowed,"The product misinterprets an input, whether from an attacker or another product, in a security-relevant fashion."
117,Improper Output Neutralization for Logs,Base,Simple,Draft,Allowed,"The product constructs a log message from external input, but it does not neutralize or incorrectly neutralizes special elements when the message is written to a log file."
1173,Improper Use of Validation Framework,Base,Simple,Draft,Allowed,"The product does not use, or incorrectly uses, an input validation framework that is provided by the source language or an independent library."
1174,ASP.NET Misconfiguration: Improper Model Validation,Variant,Simple,Draft,Allowed,"The ASP.NET application does not use, or incorrectly uses, the model validation framework."
1188,Initialization of a Resource with an Insecure Default,Base,Simple,Incomplete,Allowed,"The product initializes or sets a resource with a default that is intended to be changed by the product's installer, administrator, or maintainer, but the default is not secure."
1189,Improper Isolation of Shared Resources on System-on-a-Chip (SoC),Base,Simple,Stable,Allowed,The System-On-a-Chip (SoC) does not properly isolate shared resources between trusted and untrusted agents.
1190,DMA Device Enabled Too Early in Boot Phase,Base,Simple,Draft,Allowed,"The product enables a Direct Memory Access (DMA) capable device before the security configuration settings are established, which allows an attacker to extract data from or gain privileges on the product."
1191,On-Chip Debug and Test Interface With Improper Access Control,Base,Simple,Stable,Allowed,The chip does not implement or does not correctly perform access control to check whether users are authorized to access internal registers and test modes through the physical debug/test interface.
1192,Improper Identifier for IP Block used in System-On-Chip (SOC),Base,Simple,Draft,Allowed,"The System-on-Chip (SoC) does not have unique, immutable identifiers for each of its components."
1193,Power-On of Untrusted Execution Core Before Enabling Fabric Access Control,Base,Simple,Draft,Allowed,The product enables components that contain untrusted firmware before memory and fabric access controls have been enabled.
12,ASP.NET Misconfiguration: Missing Custom Error Page,Variant,Simple,Draft,Allowed,An ASP .NET application must enable custom error pages in order to prevent attackers from mining information from the framework's built-in responses.
1204,Generation of Weak Initialization Vector (IV),Base,Simple,Incomplete,Allowed,"The product uses a cryptographic primitive that uses an Initialization
			Vector (IV), but the product does not generate IVs that are
			sufficiently unpredictable or unique according to the expected
			cryptographic requirements for that primitive."
1209,Failure to Disable Reserved Bits,Base,Simple,Incomplete,Allowed,"The reserved bits in a hardware design are not disabled prior to production. Typically, reserved bits are used for future capabilities and should not support any functional logic in the design.   However, designers might covertly use these bits to debug or further develop new capabilities in production hardware. Adversaries with access to these bits will write to them in hopes of compromising hardware state."
121,Stack-based Buffer Overflow,Variant,Simple,Draft,Allowed,"A stack-based buffer overflow condition is a condition where the buffer being overwritten is allocated on the stack (i.e., is a local variable or, rarely, a parameter to a function)."
122,Heap-based Buffer Overflow,Variant,Simple,Draft,Allowed,"A heap overflow condition is a buffer overflow, where the buffer that can be overwritten is allocated in the heap portion of memory, generally meaning that the buffer was allocated using a routine such as malloc()."
1220,Insufficient Granularity of Access Control,Base,Simple,Incomplete,Allowed,"The product implements access controls via a policy or other feature with the intention to disable or restrict accesses (reads and/or writes) to assets in a system from untrusted agents. However, implemented access controls lack required granularity, which renders the control policy too broad because it allows accesses from unauthorized agents to the security-sensitive assets."
1221,Incorrect Register Defaults or Module Parameters,Base,Simple,Incomplete,Allowed,Hardware description language code incorrectly defines register defaults or hardware Intellectual Property (IP) parameters to insecure values.
1222,Insufficient Granularity of Address Regions Protected by Register Locks,Variant,Simple,Incomplete,Allowed,The product defines a large address region protected from modification by the same register lock control bit. This results in a conflict between the functional requirement that some addresses need to be writable by software during operation and the security requirement that the system configuration lock bit must be set during the boot process.
1223,Race Condition for Write-Once Attributes,Base,Simple,Incomplete,Allowed,"A write-once register in hardware design is programmable by an untrusted software component earlier than the trusted software component, resulting in a race condition issue."
1224,Improper Restriction of Write-Once Bit Fields,Base,Simple,Incomplete,Allowed,"The hardware design control register ""sticky bits"" or write-once bit fields are improperly implemented, such that they can be reprogrammed by software."
123,Write-what-where Condition,Base,Simple,Draft,Allowed,"Any condition where the attacker has the ability to write an arbitrary value to an arbitrary location, often as the result of a buffer overflow."
1230,Exposure of Sensitive Information Through Metadata,Base,Simple,Incomplete,Allowed,"The product prevents direct access to a resource containing sensitive information, but it does not sufficiently limit access to metadata that is derived from the original, sensitive information."
1231,Improper Prevention of Lock Bit Modification,Base,Simple,Stable,Allowed,"The product uses a trusted lock bit for restricting access to registers, address regions, or other resources, but the product does not prevent the value of the lock bit from being modified after it has been set."
1232,Improper Lock Behavior After Power State Transition,Base,Simple,Incomplete,Allowed,"Register lock bit protection disables changes to system configuration once the bit is set. Some of the protected registers or lock bits become programmable after power state transitions (e.g., Entry and wake from low power sleep modes) causing the system configuration to be changeable."
1233,Security-Sensitive Hardware Controls with Missing Lock Bit Protection,Base,Simple,Stable,Allowed,"The product uses a register lock bit protection mechanism, but it does not ensure that the lock bit prevents modification of system registers or controls that perform changes to important hardware system configuration."
1234,Hardware Internal or Debug Modes Allow Override of Locks,Base,Simple,Incomplete,Allowed,System configuration protection may be bypassed during debug mode.
1235,Incorrect Use of Autoboxing and Unboxing for Performance Critical Operations,Base,Simple,Incomplete,Allowed,"The code uses boxed primitives, which may introduce inefficiencies into performance-critical operations."
1236,Improper Neutralization of Formula Elements in a CSV File,Base,Simple,Incomplete,Allowed,"The product saves user-provided information into a Comma-Separated Value (CSV) file, but it does not neutralize or incorrectly neutralizes special elements that could be interpreted as a command when the file is opened by a spreadsheet product."
1239,Improper Zeroization of Hardware Register,Variant,Simple,Draft,Allowed,The hardware product does not properly clear sensitive information from built-in registers when the user of the hardware block changes.
124,Buffer Underwrite ('Buffer Underflow'),Base,Simple,Incomplete,Allowed,The product writes to a buffer using an index or pointer that references a memory location prior to the beginning of the buffer.
1240,Use of a Cryptographic Primitive with a Risky Implementation,Base,Simple,Draft,Allowed,"To fulfill the need for a cryptographic primitive, the product implements a cryptographic algorithm using a non-standard, unproven, or disallowed/non-compliant cryptographic implementation."
1241,Use of Predictable Algorithm in Random Number Generator,Base,Simple,Draft,Allowed,The device uses an algorithm that is predictable and generates a pseudo-random number.
1242,Inclusion of Undocumented Features or Chicken Bits,Base,Simple,Incomplete,Allowed,The device includes chicken bits or undocumented features that can create entry points for unauthorized actors.
1243,Sensitive Non-Volatile Information Not Protected During Debug,Base,Simple,Incomplete,Allowed,Access to security-sensitive information stored in fuses is not limited during debug.
1244,Internal Asset Exposed to Unsafe Debug Access Level or State,Base,Simple,Stable,Allowed,"The product uses physical debug or test
        interfaces with support for multiple access levels, but it
        assigns the wrong debug access level to an internal asset,
        providing unintended access to the asset from untrusted debug
        agents."
1245,Improper Finite State Machines (FSMs) in Hardware Logic,Base,Simple,Incomplete,Allowed,"Faulty finite state machines (FSMs) in the hardware logic allow an attacker to put the system in an undefined state, to cause a denial of service (DoS) or gain privileges on the victim's system."
1246,Improper Write Handling in Limited-write Non-Volatile Memories,Base,Simple,Incomplete,Allowed,The product does not implement or incorrectly implements wear leveling operations in limited-write non-volatile memories.
1247,Improper Protection Against Voltage and Clock Glitches,Base,Simple,Stable,Allowed,The device does not contain or contains incorrectly implemented circuitry or sensors to detect and mitigate voltage and clock glitches and protect sensitive information or software contained on the device.
1248,Semiconductor Defects in Hardware Logic with Security-Sensitive Implications,Base,Simple,Incomplete,Allowed,The security-sensitive hardware module contains semiconductor defects.
1249,Application-Level Admin Tool with Inconsistent View of Underlying Operating System,Base,Simple,Incomplete,Allowed,"The product provides an application for administrators to manage parts of the underlying operating system, but the application does not accurately identify all of the relevant entities or resources that exist in the OS; that is, the application's model of the OS's state is inconsistent with the OS's actual state."
125,Out-of-bounds Read,Base,Simple,Draft,Allowed,"The product reads data past the end, or before the beginning, of the intended buffer."
1250,Improper Preservation of Consistency Between Independent Representations of Shared State,Base,Simple,Incomplete,Allowed,The product has or supports multiple distributed components or sub-systems that are each required to keep their own local copy of shared data - such as state or cache - but the product does not ensure that all local copies remain consistent with each other.
1251,Mirrored Regions with Different Values,Base,Simple,Incomplete,Allowed,The product's architecture mirrors regions without ensuring that their contents always stay in sync.
1252,CPU Hardware Not Configured to Support Exclusivity of Write and Execute Operations,Base,Simple,Incomplete,Allowed,The CPU is not configured to provide hardware support for exclusivity of write and execute operations on memory. This allows an attacker to execute data from all of memory.
1253,Incorrect Selection of Fuse Values,Base,Simple,Draft,Allowed,The logic level used to set a system to a secure state relies on a fuse being unblown.
1254,Incorrect Comparison Logic Granularity,Base,Simple,Draft,Allowed,"The product's comparison logic is performed over a series of steps rather than across the entire string in one operation. If there is a comparison logic failure on one of these steps, the operation may be vulnerable to a timing attack that can result in the interception of the process for nefarious purposes."
1255,Comparison Logic is Vulnerable to Power Side-Channel Attacks,Variant,Simple,Draft,Allowed,A device's real time power consumption may be monitored during security token evaluation and the information gleaned may be used to determine the value of the reference token.
1256,Improper Restriction of Software Interfaces to Hardware Features,Base,Simple,Stable,Allowed,"The product provides software-controllable
			device functionality for capabilities such as power and
			clock management, but it does not properly limit
			functionality that can lead to modification of
			hardware memory or register bits, or the ability to
			observe physical side channels."
1257,Improper Access Control Applied to Mirrored or Aliased Memory Regions,Base,Simple,Incomplete,Allowed,Aliased or mirrored memory regions in hardware designs may have inconsistent read/write permissions enforced by the hardware. A possible result is that an untrusted agent is blocked from accessing a memory region but is not blocked from accessing the corresponding aliased memory region.
1258,Exposure of Sensitive System Information Due to Uncleared Debug Information,Base,Simple,Draft,Allowed,"The hardware does not fully clear security-sensitive values, such as keys and intermediate values in cryptographic operations, when debug mode is entered."
1259,Improper Restriction of Security Token Assignment,Base,Simple,Incomplete,Allowed,"The System-On-A-Chip (SoC) implements a Security Token mechanism to differentiate what actions are allowed or disallowed when a transaction originates from an entity. However, the Security Tokens are improperly protected."
126,Buffer Over-read,Variant,Simple,Draft,Allowed,The product reads from a buffer using buffer access mechanisms such as indexes or pointers that reference memory locations after the targeted buffer.
1260,Improper Handling of Overlap Between Protected Memory Ranges,Base,Simple,Stable,Allowed,"The product allows address regions to overlap, which can result in the bypassing of intended memory protection."
1261,Improper Handling of Single Event Upsets,Base,Simple,Draft,Allowed,The hardware logic does not effectively handle when single-event upsets (SEUs) occur.
1262,Improper Access Control for Register Interface,Base,Simple,Stable,Allowed,"The product uses memory-mapped I/O registers that act as an interface to hardware functionality from software, but there is improper access control to those registers."
1264,Hardware Logic with Insecure De-Synchronization between Control and Data Channels,Base,Simple,Incomplete,Allowed,The hardware logic for error handling and security checks can incorrectly forward data before the security check is complete.
1265,Unintended Reentrant Invocation of Non-reentrant Code Via Nested Calls,Base,Simple,Draft,Allowed,"The product invokes code that is believed to be reentrant, but the code performs a call that unintentionally produces a nested invocation of the non-reentrant code."
1266,Improper Scrubbing of Sensitive Data from Decommissioned Device,Base,Simple,Incomplete,Allowed,"The product does not properly provide a capability for the product administrator to remove sensitive data at the time the product is decommissioned.  A scrubbing capability could be missing, insufficient, or incorrect."
1267,Policy Uses Obsolete Encoding,Base,Simple,Draft,Allowed,The product uses an obsolete encoding mechanism to implement access controls.
1268,Policy Privileges are not Assigned Consistently Between Control and Data Agents,Base,Simple,Draft,Allowed,The product's hardware-enforced access control for a particular resource improperly accounts for privilege discrepancies between control and write policies.
1269,Product Released in Non-Release Configuration,Base,Simple,Incomplete,Allowed,The product released to market is released in pre-production or manufacturing configuration.
127,Buffer Under-read,Variant,Simple,Draft,Allowed,The product reads from a buffer using buffer access mechanisms such as indexes or pointers that reference memory locations prior to the targeted buffer.
1270,Generation of Incorrect Security Tokens,Base,Simple,Incomplete,Allowed,"The product implements a Security Token mechanism to differentiate what actions are allowed or disallowed when a transaction originates from an entity. However, the Security Tokens generated in the system are incorrect."
1271,Uninitialized Value on Reset for Registers Holding Security Settings,Base,Simple,Incomplete,Allowed,Security-critical logic is not set to a known value on reset.
1272,Sensitive Information Uncleared Before Debug/Power State Transition,Base,Simple,Stable,Allowed,"The product performs a power or debug state transition, but it does not clear sensitive information that should no longer be accessible due to changes to information access restrictions."
1273,Device Unlock Credential Sharing,Base,Simple,Incomplete,Allowed,The credentials necessary for unlocking a device are shared across multiple parties and may expose sensitive information.
1274,Improper Access Control for Volatile Memory Containing Boot Code,Base,Simple,Stable,Allowed,"The product conducts a secure-boot process that transfers bootloader code from Non-Volatile Memory (NVM) into Volatile Memory (VM), but it does not have sufficient access control or other protections for the Volatile Memory."
1275,Sensitive Cookie with Improper SameSite Attribute,Variant,Simple,Incomplete,Allowed,"The SameSite attribute for sensitive cookies is not set, or an insecure value is used."
1276,Hardware Child Block Incorrectly Connected to Parent System,Base,Simple,Incomplete,Allowed,Signals between a hardware IP and the parent system design are incorrectly connected causing security risks.
1277,Firmware Not Updateable,Base,Simple,Draft,Allowed,"The product does not provide its
			users with the ability to update or patch its
			firmware to address any vulnerabilities or
			weaknesses that may be present."
1278,Missing Protection Against Hardware Reverse Engineering Using Integrated Circuit (IC) Imaging Techniques,Base,Simple,Incomplete,Allowed,Information stored in hardware may be recovered by an attacker with the capability to capture and analyze images of the integrated circuit using techniques such as scanning electron microscopy.
1279,Cryptographic Operations are run Before Supporting Units are Ready,Base,Simple,Incomplete,Allowed,Performing cryptographic operations without ensuring that the supporting inputs are ready to supply valid data may compromise the cryptographic result.
128,Wrap-around Error,Base,Simple,Incomplete,Allowed,"Wrap around errors occur whenever a value is incremented past the maximum value for its type and therefore ""wraps around"" to a very small, negative, or undefined value."
1280,Access Control Check Implemented After Asset is Accessed,Base,Simple,Incomplete,Allowed,A product's hardware-based access control check occurs after the asset has been accessed.
1281,Sequence of Processor Instructions Leads to Unexpected Behavior,Base,Simple,Incomplete,Allowed,Specific combinations of processor instructions lead to undesirable behavior such as locking the processor until a hard reset performed.
1282,Assumed-Immutable Data is Stored in Writable Memory,Base,Simple,Incomplete,Allowed,"Immutable data, such as a first-stage bootloader, device identifiers, and ""write-once"" configuration settings are stored in writable memory that can be re-programmed or updated in the field."
1283,Mutable Attestation or Measurement Reporting Data,Base,Simple,Incomplete,Allowed,The register contents used for attestation or measurement reporting data to verify boot flow are modifiable by an adversary.
1284,Improper Validation of Specified Quantity in Input,Base,Simple,Incomplete,Allowed,"The product receives input that is expected to specify a quantity (such as size or length), but it does not validate or incorrectly validates that the quantity has the required properties."
1285,"Improper Validation of Specified Index, Position, or Offset in Input",Base,Simple,Incomplete,Allowed,"The product receives input that is expected to specify an index, position, or offset into an indexable resource such as a buffer or file, but it does not validate or incorrectly validates that the specified index/position/offset has the required properties."
1286,Improper Validation of Syntactic Correctness of Input,Base,Simple,Incomplete,Allowed,"The product receives input that is expected to be well-formed - i.e., to comply with a certain syntax - but it does not validate or incorrectly validates that the input complies with the syntax."
1287,Improper Validation of Specified Type of Input,Base,Simple,Incomplete,Allowed,"The product receives input that is expected to be of a certain type, but it does not validate or incorrectly validates that the input is actually of the expected type."
1288,Improper Validation of Consistency within Input,Base,Simple,Incomplete,Allowed,"The product receives a complex input with multiple elements or fields that must be consistent with each other, but it does not validate or incorrectly validates that the input is actually consistent."
1289,Improper Validation of Unsafe Equivalence in Input,Base,Simple,Incomplete,Allowed,"The product receives an input value that is used as a resource identifier or other type of reference, but it does not validate or incorrectly validates that the input is equivalent to a potentially-unsafe value."
129,Improper Validation of Array Index,Variant,Simple,Draft,Allowed,"The product uses untrusted input when calculating or using an array index, but the product does not validate or incorrectly validates the index to ensure the index references a valid position within the array."
1290,Incorrect Decoding of Security Identifiers,Base,Simple,Incomplete,Allowed,"The product implements a decoding mechanism to decode certain bus-transaction signals to security identifiers. If the decoding is implemented incorrectly, then untrusted agents can now gain unauthorized access to the asset."
1291,Public Key Re-Use for Signing both Debug and Production Code,Base,Simple,Draft,Allowed,The same public key is used for signing both debug and production code.
1292,Incorrect Conversion of Security Identifiers,Base,Simple,Draft,Allowed,"The product implements a conversion mechanism to map certain bus-transaction signals to security identifiers. However, if the conversion is incorrectly implemented, untrusted agents can gain unauthorized access to the asset."
1293,Missing Source Correlation of Multiple Independent Data,Base,Simple,Draft,Allowed,"The product relies on one source of data, preventing the ability to detect if an adversary has compromised a data source."
1295,Debug Messages Revealing Unnecessary Information,Base,Simple,Incomplete,Allowed,The product fails to adequately prevent the revealing of unnecessary and potentially sensitive system information within debugging messages.
1296,Incorrect Chaining or Granularity of Debug Components,Base,Simple,Incomplete,Allowed,The product's debug components contain incorrect chaining or granularity of debug components.
1297,Unprotected Confidential Information on Device is Accessible by OSAT Vendors,Base,Simple,Incomplete,Allowed,The product does not adequately protect confidential information on the device from being accessed by Outsourced Semiconductor Assembly and Test (OSAT) vendors.
1298,Hardware Logic Contains Race Conditions,Base,Simple,Draft,Allowed,A race condition in the hardware logic results in undermining security guarantees of the system.
1299,Missing Protection Mechanism for Alternate Hardware Interface,Base,Simple,Draft,Allowed,"The lack of protections on alternate paths to access
                control-protected assets (such as unprotected shadow registers
                and other external facing unguarded interfaces) allows an
                attacker to bypass existing protections to the asset that are
		only performed against the primary path."
13,ASP.NET Misconfiguration: Password in Configuration File,Variant,Simple,Draft,Allowed,Storing a plaintext password in a configuration file allows anyone who can read the file access to the password-protected resource making them an easy target for attackers.
130,Improper Handling of Length Parameter Inconsistency,Base,Simple,Incomplete,Allowed,"The product parses a formatted message or structure, but it does not handle or incorrectly handles a length field that is inconsistent with the actual length of the associated data."
1300,Improper Protection of Physical Side Channels,Base,Simple,Stable,Allowed,"The device does not contain sufficient protection
	mechanisms to prevent physical side channels from exposing
	sensitive information due to patterns in physically observable
	phenomena such as variations in power consumption,
	electromagnetic emissions (EME), or acoustic emissions."
1301,Insufficient or Incomplete Data Removal within Hardware Component,Base,Simple,Incomplete,Allowed,The product's data removal process does not completely delete all data and potentially sensitive information within hardware components.
1302,Missing Source Identifier in Entity Transactions on a System-On-Chip (SOC),Base,Simple,Incomplete,Allowed,The product implements a security identifier mechanism to differentiate what actions are allowed or disallowed when a transaction originates from an entity. A transaction is sent without a security identifier.
1303,Non-Transparent Sharing of Microarchitectural Resources,Base,Simple,Draft,Allowed,"Hardware structures shared across execution contexts (e.g., caches and branch predictors) can violate the expected architecture isolation between contexts."
1304,Improperly Preserved Integrity of Hardware Configuration State During a Power Save/Restore Operation,Base,Simple,Draft,Allowed,"The product performs a power save/restore
            operation, but it does not ensure that the integrity of
            the configuration state is maintained and/or verified between
	    the beginning and ending of the operation."
131,Incorrect Calculation of Buffer Size,Base,Simple,Draft,Allowed,"The product does not correctly calculate the size to be used when allocating a buffer, which could lead to a buffer overflow."
1310,Missing Ability to Patch ROM Code,Base,Simple,Draft,Allowed,Missing an ability to patch ROM code may leave a System or System-on-Chip (SoC) in a vulnerable state.
1311,Improper Translation of Security Attributes by Fabric Bridge,Base,Simple,Draft,Allowed,The bridge incorrectly translates security attributes from either trusted to untrusted or from untrusted to trusted when converting from one fabric protocol to another.
1312,Missing Protection for Mirrored Regions in On-Chip Fabric Firewall,Base,Simple,Draft,Allowed,"The firewall in an on-chip fabric protects the main addressed region, but it does not protect any mirrored memory or memory-mapped-IO (MMIO) regions."
1313,Hardware Allows Activation of Test or Debug Logic at Runtime,Base,Simple,Draft,Allowed,"During runtime, the hardware allows for test or debug logic (feature) to be activated, which allows for changing the state of the hardware. This feature can alter the intended behavior of the system and allow for alteration and leakage of sensitive data by an adversary."
1314,Missing Write Protection for Parametric Data Values,Base,Simple,Draft,Allowed,"The device does not write-protect the parametric data values for sensors that scale the sensor value, allowing untrusted software to manipulate the apparent result and potentially damage hardware or cause operational failure."
1315,Improper Setting of Bus Controlling Capability in Fabric End-point,Base,Simple,Incomplete,Allowed,The bus controller enables bits in the fabric end-point to allow responder devices to control transactions on the fabric.
1316,Fabric-Address Map Allows Programming of Unwarranted Overlaps of Protected and Unprotected Ranges,Base,Simple,Draft,Allowed,"The address map of the on-chip fabric has protected and unprotected regions overlapping, allowing an attacker to bypass access control to the overlapping portion of the protected region."
1317,Improper Access Control in Fabric Bridge,Base,Simple,Draft,Allowed,"The product uses a fabric bridge for transactions between two Intellectual Property (IP) blocks, but the bridge does not properly perform the expected privilege, identity, or other access control checks between those IP blocks."
1318,Missing Support for Security Features in On-chip Fabrics or Buses,Base,Simple,Incomplete,Allowed,"On-chip fabrics or buses either do not support or are not configured to support privilege separation or other security features, such as access control."
1319,Improper Protection against Electromagnetic Fault Injection (EM-FI),Base,Simple,Incomplete,Allowed,"The device is susceptible to electromagnetic fault injection attacks, causing device internal information to be compromised or security mechanisms to be bypassed."
1320,Improper Protection for Outbound Error Messages and Alert Signals,Base,Simple,Draft,Allowed,Untrusted agents can disable alerts about signal conditions exceeding limits or the response mechanism that handles such alerts.
1321,Improperly Controlled Modification of Object Prototype Attributes ('Prototype Pollution'),Variant,Simple,Incomplete,Allowed,"The product receives input from an upstream component that specifies attributes that are to be initialized or updated in an object, but it does not properly control modifications of attributes of the object prototype."
1322,"Use of Blocking Code in Single-threaded, Non-blocking Context",Base,Simple,Incomplete,Allowed,"The product uses a non-blocking model that relies on a single threaded process
			for features such as scalability, but it contains code that can block when it is invoked."
1323,Improper Management of Sensitive Trace Data,Base,Simple,Draft,Allowed,"Trace data collected from several sources on the
                System-on-Chip (SoC) is stored in unprotected locations or
                transported to untrusted agents."
1325,Improperly Controlled Sequential Memory Allocation,Base,Simple,Incomplete,Allowed,"The product manages a group of objects or resources and performs a separate memory allocation for each object, but it does not properly limit the total amount of memory that is consumed by all of the combined objects."
1326,Missing Immutable Root of Trust in Hardware,Base,Simple,Draft,Allowed,A missing immutable root of trust in the hardware results in the ability to bypass secure boot or execute untrusted or adversarial boot code.
1327,Binding to an Unrestricted IP Address,Base,Simple,Incomplete,Allowed,"The product assigns the address 0.0.0.0 for a database server, a cloud service/instance, or any computing resource that communicates remotely."
1328,Security Version Number Mutable to Older Versions,Base,Simple,Draft,Allowed,"Security-version number in hardware is mutable, resulting in the ability to downgrade (roll-back) the boot firmware to vulnerable code versions."
1329,Reliance on Component That is Not Updateable,Base,Simple,Incomplete,Allowed,The product contains a component that cannot be updated or patched in order to remove vulnerabilities or significant bugs.
1330,Remanent Data Readable after Memory Erase,Variant,Simple,Draft,Allowed,Confidential information stored in memory circuits is readable or recoverable after being cleared or erased.
1331,Improper Isolation of Shared Resources in Network On Chip (NoC),Base,Simple,Stable,Allowed,"The Network On Chip (NoC) does not isolate or incorrectly isolates its on-chip-fabric and internal resources such that they are shared between trusted and untrusted agents, creating timing channels."
1332,Improper Handling of Faults that Lead to Instruction Skips,Base,Simple,Stable,Allowed,The device is missing or incorrectly implements circuitry or sensors that detect and mitigate the skipping of security-critical CPU instructions when they occur.
1333,Inefficient Regular Expression Complexity,Base,Simple,Draft,Allowed,The product uses a regular expression with a worst-case computational complexity that is inefficient and possibly exponential.
1334,Unauthorized Error Injection Can Degrade Hardware Redundancy,Base,Simple,Draft,Allowed,An unauthorized agent can inject errors into a redundant block to deprive the system of redundancy or put the system in a degraded operating mode.
1335,Incorrect Bitwise Shift of Integer,Base,Simple,Draft,Allowed,An integer value is specified to be shifted by a negative amount or an amount greater than or equal to the number of bits contained in the value causing an unexpected or indeterminate result.
1336,Improper Neutralization of Special Elements Used in a Template Engine,Base,Simple,Incomplete,Allowed,"The product uses a template engine to insert or process externally-influenced input, but it does not neutralize or incorrectly neutralizes special elements or syntax that can be interpreted as template expressions or other code directives when processed by the engine."
1338,Improper Protections Against Hardware Overheating,Base,Simple,Draft,Allowed,A hardware device is missing or has inadequate protection features to prevent overheating.
1339,Insufficient Precision or Accuracy of a Real Number,Base,Simple,Draft,Allowed,"The product processes a real number with an implementation in which the number's representation does not preserve required accuracy and precision in its fractional part, causing an incorrect result."
134,Use of Externally-Controlled Format String,Base,Simple,Draft,Allowed,"The product uses a function that accepts a format string as an argument, but the format string originates from an external source."
1341,Multiple Releases of Same Resource or Handle,Base,Simple,Incomplete,Allowed,"The product attempts to close or release a resource or handle more than once, without any successful open between the close operations."
1342,Information Exposure through Microarchitectural State after Transient Execution,Base,Simple,Incomplete,Allowed,"The processor does not properly clear microarchitectural state after incorrect microcode assists or speculative execution, resulting in transient execution."
135,Incorrect Calculation of Multi-Byte String Length,Base,Simple,Draft,Allowed,The product does not correctly calculate the length of strings that can contain wide or multi-byte characters.
1351,Improper Handling of Hardware Behavior in Exceptionally Cold Environments,Base,Simple,Incomplete,Allowed,"A hardware device, or the firmware running on it, is
                missing or has incorrect protection features to maintain
                goals of security primitives when the device is cooled below
                standard operating temperatures."
1385,Missing Origin Validation in WebSockets,Variant,Simple,Incomplete,Allowed,"The product uses a WebSocket, but it does not properly verify that the source of data or communication is valid."
1386,Insecure Operation on Windows Junction / Mount Point,Base,Simple,Incomplete,Allowed,"The product opens a file or directory, but it does not properly prevent the name from being associated with a junction or mount point to a destination that is outside of the intended control sphere."
1389,Incorrect Parsing of Numbers with Different Radices,Base,Simple,Incomplete,Allowed,"The product parses numeric input assuming base 10 (decimal) values, but it does not account for inputs that use a different base number (radix)."
1392,Use of Default Credentials,Base,Simple,Incomplete,Allowed,The product uses default credentials (such as passwords or cryptographic keys) for potentially critical functionality.
1393,Use of Default Password,Base,Simple,Incomplete,Allowed,The product uses default passwords for potentially critical functionality.
1394,Use of Default Cryptographic Key,Base,Simple,Incomplete,Allowed,The product uses a default cryptographic key for potentially critical functionality.
14,Compiler Removal of Code to Clear Buffers,Variant,Simple,Draft,Allowed,"Sensitive memory is cleared according to the source code, but compiler optimizations leave the memory untouched when it is not read from again, aka ""dead store removal."""
140,Improper Neutralization of Delimiters,Base,Simple,Draft,Allowed,The product does not neutralize or incorrectly neutralizes delimiters.
141,Improper Neutralization of Parameter/Argument Delimiters,Variant,Simple,Draft,Allowed,"The product receives input from an upstream component, but it does not neutralize or incorrectly neutralizes special elements that could be interpreted as parameter or argument delimiters when they are sent to a downstream component."
142,Improper Neutralization of Value Delimiters,Variant,Simple,Draft,Allowed,"The product receives input from an upstream component, but it does not neutralize or incorrectly neutralizes special elements that could be interpreted as value delimiters when they are sent to a downstream component."
1421,Exposure of Sensitive Information in Shared Microarchitectural Structures during Transient Execution,Base,Simple,Incomplete,Allowed,"A processor event may allow transient operations to access
			architecturally restricted data (for example, in another address
			space) in a shared microarchitectural structure (for example, a CPU
			cache), potentially exposing the data over a covert channel."
1422,Exposure of Sensitive Information caused by Incorrect Data Forwarding during Transient Execution,Base,Simple,Incomplete,Allowed,"A processor event or prediction may allow incorrect or stale data to
		  be forwarded to transient operations, potentially exposing data over a
		  covert channel."
1423,Exposure of Sensitive Information caused by Shared Microarchitectural Predictor State that Influences Transient Execution,Base,Simple,Incomplete,Allowed,"Shared microarchitectural predictor state may allow code to influence
				transient execution across a hardware boundary, potentially exposing
				data that is accessible beyond the boundary over a covert channel."
1427,Improper Neutralization of Input Used for LLM Prompting,Base,Simple,Incomplete,Allowed,"The product uses externally-provided data to build prompts provided to
large language models (LLMs), but the way these prompts are constructed
causes the LLM to fail to distinguish between user-supplied inputs and
developer provided system directives."
1428,Reliance on HTTP instead of HTTPS,Base,Simple,Incomplete,Allowed,The product provides or relies on use of HTTP communications when HTTPS is available.
1429,Missing Security-Relevant Feedback for Unexecuted Operations in Hardware Interface,Base,Simple,Incomplete,Allowed,"The product has a hardware interface that silently discards operations
			in situations for which feedback would be security-relevant, such as
			the timely detection of failures or attacks."
143,Improper Neutralization of Record Delimiters,Variant,Simple,Draft,Allowed,"The product receives input from an upstream component, but it does not neutralize or incorrectly neutralizes special elements that could be interpreted as record delimiters when they are sent to a downstream component."
1431,Driving Intermediate Cryptographic State/Results to Hardware Module Outputs,Base,Simple,Incomplete,Allowed,"The product uses a hardware module implementing a cryptographic
		  algorithm that writes sensitive information about the intermediate
		  state or results of its cryptographic operations via one of its output
		  wires (typically the output port containing the final result)."
1434,Insecure Setting of Generative AI/ML Model Inference Parameters,Base,Simple,Draft,Allowed,"The product has a component that relies on a
	  generative AI/ML model configured with inference parameters that
	  produce an unacceptably high rate of erroneous or unexpected
	  outputs."
144,Improper Neutralization of Line Delimiters,Variant,Simple,Draft,Allowed,"The product receives input from an upstream component, but it does not neutralize or incorrectly neutralizes special elements that could be interpreted as line delimiters when they are sent to a downstream component."
145,Improper Neutralization of Section Delimiters,Variant,Simple,Incomplete,Allowed,"The product receives input from an upstream component, but it does not neutralize or incorrectly neutralizes special elements that could be interpreted as section delimiters when they are sent to a downstream component."
146,Improper Neutralization of Expression/Command Delimiters,Variant,Simple,Incomplete,Allowed,"The product receives input from an upstream component, but it does not neutralize or incorrectly neutralizes special elements that could be interpreted as expression or command delimiters when they are sent to a downstream component."
147,Improper Neutralization of Input Terminators,Variant,Simple,Draft,Allowed,"The product receives input from an upstream component, but it does not neutralize or incorrectly neutralizes special elements that could be interpreted as input terminators when they are sent to a downstream component."
148,Improper Neutralization of Input Leaders,Variant,Simple,Draft,Allowed,"The product does not properly handle when a leading character or sequence (""leader"") is missing or malformed, or if multiple leaders are used when only one should be allowed."
149,Improper Neutralization of Quoting Syntax,Variant,Simple,Draft,Allowed,"Quotes injected into a product can be used to compromise a system. As data are parsed, an injected/absent/duplicate/malformed use of quotes may cause the process to take unexpected actions."
15,External Control of System or Configuration Setting,Base,Simple,Incomplete,Allowed,One or more system settings or configuration elements can be externally controlled by a user.
150,"Improper Neutralization of Escape, Meta, or Control Sequences",Variant,Simple,Incomplete,Allowed,"The product receives input from an upstream component, but it does not neutralize or incorrectly neutralizes special elements that could be interpreted as escape, meta, or control character sequences when they are sent to a downstream component."
151,Improper Neutralization of Comment Delimiters,Variant,Simple,Draft,Allowed,"The product receives input from an upstream component, but it does not neutralize or incorrectly neutralizes special elements that could be interpreted as comment delimiters when they are sent to a downstream component."
152,Improper Neutralization of Macro Symbols,Variant,Simple,Draft,Allowed,"The product receives input from an upstream component, but it does not neutralize or incorrectly neutralizes special elements that could be interpreted as macro symbols when they are sent to a downstream component."
153,Improper Neutralization of Substitution Characters,Variant,Simple,Draft,Allowed,"The product receives input from an upstream component, but it does not neutralize or incorrectly neutralizes special elements that could be interpreted as substitution characters when they are sent to a downstream component."
154,Improper Neutralization of Variable Name Delimiters,Variant,Simple,Incomplete,Allowed,"The product receives input from an upstream component, but it does not neutralize or incorrectly neutralizes special elements that could be interpreted as variable name delimiters when they are sent to a downstream component."
155,Improper Neutralization of Wildcards or Matching Symbols,Variant,Simple,Draft,Allowed,"The product receives input from an upstream component, but it does not neutralize or incorrectly neutralizes special elements that could be interpreted as wildcards or matching symbols when they are sent to a downstream component."
156,Improper Neutralization of Whitespace,Variant,Simple,Draft,Allowed,"The product receives input from an upstream component, but it does not neutralize or incorrectly neutralizes special elements that could be interpreted as whitespace when they are sent to a downstream component."
157,Failure to Sanitize Paired Delimiters,Variant,Simple,Draft,Allowed,"The product does not properly handle the characters that are used to mark the beginning and ending of a group of entities, such as parentheses, brackets, and braces."
158,Improper Neutralization of Null Byte or NUL Character,Variant,Simple,Incomplete,Allowed,"The product receives input from an upstream component, but it does not neutralize or incorrectly neutralizes NUL characters or null bytes when they are sent to a downstream component."
160,Improper Neutralization of Leading Special Elements,Variant,Simple,Incomplete,Allowed,"The product receives input from an upstream component, but it does not neutralize or incorrectly neutralizes leading special elements that could be interpreted in unexpected ways when they are sent to a downstream component."
161,Improper Neutralization of Multiple Leading Special Elements,Variant,Simple,Incomplete,Allowed,"The product receives input from an upstream component, but it does not neutralize or incorrectly neutralizes multiple leading special elements that could be interpreted in unexpected ways when they are sent to a downstream component."
162,Improper Neutralization of Trailing Special Elements,Variant,Simple,Incomplete,Allowed,"The product receives input from an upstream component, but it does not neutralize or incorrectly neutralizes trailing special elements that could be interpreted in unexpected ways when they are sent to a downstream component."
163,Improper Neutralization of Multiple Trailing Special Elements,Variant,Simple,Incomplete,Allowed,"The product receives input from an upstream component, but it does not neutralize or incorrectly neutralizes multiple trailing special elements that could be interpreted in unexpected ways when they are sent to a downstream component."
164,Improper Neutralization of Internal Special Elements,Variant,Simple,Incomplete,Allowed,"The product receives input from an upstream component, but it does not neutralize or incorrectly neutralizes internal special elements that could be interpreted in unexpected ways when they are sent to a downstream component."
165,Improper Neutralization of Multiple Internal Special Elements,Variant,Simple,Incomplete,Allowed,"The product receives input from an upstream component, but it does not neutralize or incorrectly neutralizes multiple internal special elements that could be interpreted in unexpected ways when they are sent to a downstream component."
166,Improper Handling of Missing Special Element,Base,Simple,Draft,Allowed,"The product receives input from an upstream component, but it does not handle or incorrectly handles when an expected special element is missing."
167,Improper Handling of Additional Special Element,Base,Simple,Draft,Allowed,"The product receives input from an upstream component, but it does not handle or incorrectly handles when an additional unexpected special element is provided."
168,Improper Handling of Inconsistent Special Elements,Base,Simple,Draft,Allowed,The product does not properly handle input in which an inconsistency exists between two or more special characters or reserved words.
170,Improper Null Termination,Base,Simple,Incomplete,Allowed,The product does not terminate or incorrectly terminates a string or array with a null character or equivalent terminator.
173,Improper Handling of Alternate Encoding,Variant,Simple,Draft,Allowed,The product does not properly handle when an input uses an alternate encoding that is valid for the control sphere to which the input is being sent.
174,Double Decoding of the Same Data,Variant,Simple,Draft,Allowed,"The product decodes the same input twice, which can limit the effectiveness of any protection mechanism that occurs in between the decoding operations."
175,Improper Handling of Mixed Encoding,Variant,Simple,Draft,Allowed,The product does not properly handle when the same input uses several different (mixed) encodings.
176,Improper Handling of Unicode Encoding,Variant,Simple,Draft,Allowed,The product does not properly handle when an input contains Unicode encoding.
177,Improper Handling of URL Encoding (Hex Encoding),Variant,Simple,Draft,Allowed,The product does not properly handle when all or part of an input has been URL encoded.
178,Improper Handling of Case Sensitivity,Base,Simple,Incomplete,Allowed,"The product does not properly account for differences in case sensitivity when accessing or determining the properties of a resource, leading to inconsistent results."
179,Incorrect Behavior Order: Early Validation,Base,Simple,Incomplete,Allowed,"The product validates input before applying protection mechanisms that modify the input, which could allow an attacker to bypass the validation via dangerous inputs that only arise after the modification."
180,Incorrect Behavior Order: Validate Before Canonicalize,Variant,Simple,Draft,Allowed,"The product validates input before it is canonicalized, which prevents the product from detecting data that becomes invalid after the canonicalization step."
181,Incorrect Behavior Order: Validate Before Filter,Variant,Simple,Draft,Allowed,"The product validates data before it has been filtered, which prevents the product from detecting data that becomes invalid after the filtering step."
182,Collapse of Data into Unsafe Value,Base,Simple,Draft,Allowed,"The product filters data in a way that causes it to be reduced or ""collapsed"" into an unsafe value that violates an expected security property."
183,Permissive List of Allowed Inputs,Base,Simple,Draft,Allowed,"The product implements a protection mechanism that relies on a list of inputs (or properties of inputs) that are explicitly allowed by policy because the inputs are assumed to be safe, but the list is too permissive - that is, it allows an input that is unsafe, leading to resultant weaknesses."
184,Incomplete List of Disallowed Inputs,Base,Simple,Draft,Allowed,"The product implements a protection mechanism that relies on a list of inputs (or properties of inputs) that are not allowed by policy or otherwise require other action to neutralize before additional processing takes place, but the list is incomplete."
186,Overly Restrictive Regular Expression,Base,Simple,Draft,Allowed,"A regular expression is overly restrictive, which prevents dangerous values from being detected."
187,Partial String Comparison,Variant,Simple,Incomplete,Allowed,"The product performs a comparison that only examines a portion of a factor before determining whether there is a match, such as a substring, leading to resultant weaknesses."
188,Reliance on Data/Memory Layout,Base,Simple,Draft,Allowed,"The product makes invalid assumptions about how protocol data or memory is organized at a lower level, resulting in unintended program behavior."
190,Integer Overflow or Wraparound,Base,Simple,Stable,Allowed,"The product performs a calculation that can
         produce an integer overflow or wraparound when the logic
         assumes that the resulting value will always be larger than
         the original value. This occurs when an integer value is
         incremented to a value that is too large to store in the
         associated representation. When this occurs, the value may
         become a very small or negative number."
191,Integer Underflow (Wrap or Wraparound),Base,Simple,Draft,Allowed,"The product subtracts one value from another, such that the result is less than the minimum allowable integer value, which produces a value that is not equal to the correct result."
192,Integer Coercion Error,Variant,Simple,Incomplete,Allowed,"Integer coercion refers to a set of flaws pertaining to the type casting, extension, or truncation of primitive data types."
193,Off-by-one Error,Base,Simple,Draft,Allowed,"A product calculates or uses an incorrect maximum or minimum value that is 1 more, or 1 less, than the correct value."
194,Unexpected Sign Extension,Variant,Simple,Incomplete,Allowed,"The product performs an operation on a number that causes it to be sign extended when it is transformed into a larger data type. When the original number is negative, this can produce unexpected values that lead to resultant weaknesses."
195,Signed to Unsigned Conversion Error,Variant,Simple,Draft,Allowed,"The product uses a signed primitive and performs a cast to an unsigned primitive, which can produce an unexpected value if the value of the signed primitive can not be represented using an unsigned primitive."
196,Unsigned to Signed Conversion Error,Variant,Simple,Draft,Allowed,"The product uses an unsigned primitive and performs a cast to a signed primitive, which can produce an unexpected value if the value of the unsigned primitive can not be represented using a signed primitive."
197,Numeric Truncation Error,Base,Simple,Incomplete,Allowed,Truncation errors occur when a primitive is cast to a primitive of a smaller size and data is lost in the conversion.
198,Use of Incorrect Byte Ordering,Variant,Simple,Draft,Allowed,"The product receives input from an upstream component, but it does not account for byte ordering (e.g. big-endian and little-endian) when processing the input, causing an incorrect number or value to be used."
201,Insertion of Sensitive Information Into Sent Data,Base,Simple,Draft,Allowed,"The code transmits data to another actor, but a portion of the data includes sensitive information that should not be accessible to that actor."
202,Exposure of Sensitive Information Through Data Queries,Base,Simple,Draft,Allowed,"When trying to keep information confidential, an attacker can often infer some of the information by using statistics."
203,Observable Discrepancy,Base,Simple,Incomplete,Allowed,The product behaves differently or sends different responses under different circumstances in a way that is observable to an unauthorized actor.
204,Observable Response Discrepancy,Base,Simple,Incomplete,Allowed,The product provides different responses to incoming requests in a way that reveals internal state information to an unauthorized actor outside of the intended control sphere.
205,Observable Behavioral Discrepancy,Base,Simple,Incomplete,Allowed,"The product's behaviors indicate important differences that may be observed by unauthorized actors in a way that reveals (1) its internal state or decision process, or (2) differences from other products with equivalent functionality."
206,Observable Internal Behavioral Discrepancy,Variant,Simple,Incomplete,Allowed,"The product performs multiple behaviors that are combined to produce a single result, but the individual behaviors are observable separately in a way that allows attackers to reveal internal state or internal decision points."
207,Observable Behavioral Discrepancy With Equivalent Products,Variant,Simple,Draft,Allowed,"The product operates in an environment in which its existence or specific identity should not be known, but it behaves differently than other products with equivalent functionality, in a way that is observable to an attacker."
208,Observable Timing Discrepancy,Base,Simple,Incomplete,Allowed,"Two separate operations in a product require different amounts of time to complete, in a way that is observable to an actor and reveals security-relevant information about the state of the product, such as whether a particular operation was successful or not."
209,Generation of Error Message Containing Sensitive Information,Base,Simple,Draft,Allowed,"The product generates an error message that includes sensitive information about its environment, users, or associated data."
210,Self-generated Error Message Containing Sensitive Information,Base,Simple,Draft,Allowed,The product identifies an error condition and creates its own diagnostic or error messages that contain sensitive information.
211,Externally-Generated Error Message Containing Sensitive Information,Base,Simple,Incomplete,Allowed,"The product performs an operation that triggers an external diagnostic or error message that is not directly generated or controlled by the product, such as an error generated by the programming language interpreter that a software application uses. The error can contain sensitive system information."
212,Improper Removal of Sensitive Information Before Storage or Transfer,Base,Simple,Incomplete,Allowed,"The product stores, transfers, or shares a resource that contains sensitive information, but it does not properly remove that information before the product makes the resource available to unauthorized actors."
213,Exposure of Sensitive Information Due to Incompatible Policies,Base,Simple,Draft,Allowed,"The product's intended functionality exposes information to certain actors in accordance with the developer's security policy, but this information is regarded as sensitive according to the intended security policies of other stakeholders such as the product's administrator, users, or others whose information is being processed."
214,Invocation of Process Using Visible Sensitive Information,Base,Simple,Incomplete,Allowed,"A process is invoked with sensitive command-line arguments, environment variables, or other elements that can be seen by other processes on the operating system."
215,Insertion of Sensitive Information Into Debugging Code,Base,Simple,Draft,Allowed,"The product inserts sensitive information into debugging code, which could expose this information if the debugging code is not disabled in production."
219,Storage of File with Sensitive Data Under Web Root,Variant,Simple,Draft,Allowed,"The product stores sensitive data under the web document root with insufficient access control, which might make it accessible to untrusted parties."
220,Storage of File With Sensitive Data Under FTP Root,Variant,Simple,Draft,Allowed,"The product stores sensitive data under the FTP server root with insufficient access control, which might make it accessible to untrusted parties."
222,Truncation of Security-relevant Information,Base,Simple,Draft,Allowed,"The product truncates the display, recording, or processing of security-relevant information in a way that can obscure the source or nature of an attack."
223,Omission of Security-relevant Information,Base,Simple,Draft,Allowed,"The product does not record or display information that would be important for identifying the source or nature of an attack, or determining if an action is safe."
224,Obscured Security-relevant Information by Alternate Name,Base,Simple,Incomplete,Allowed,"The product records security-relevant information according to an alternate name of the affected entity, instead of the canonical name."
226,Sensitive Information in Resource Not Removed Before Reuse,Base,Simple,Draft,Allowed,"The product releases a resource such as memory or a file so that it can be made available for reuse, but it does not clear or ""zeroize"" the information contained in the resource before the product performs a critical state transition or makes the resource available for reuse by other entities."
229,Improper Handling of Values,Base,Simple,Incomplete,Allowed,"The product does not properly handle when the expected number of values for parameters, fields, or arguments is not provided in input, or if those values are undefined."
23,Relative Path Traversal,Base,Simple,Draft,Allowed,"The product uses external input to construct a pathname that should be within a restricted directory, but it does not properly neutralize sequences such as "".."" that can resolve to a location that is outside of that directory."
230,Improper Handling of Missing Values,Variant,Simple,Draft,Allowed,"The product does not handle or incorrectly handles when a parameter, field, or argument name is specified, but the associated value is missing, i.e. it is empty, blank, or null."
231,Improper Handling of Extra Values,Variant,Simple,Draft,Allowed,The product does not handle or incorrectly handles when more values are provided than expected.
232,Improper Handling of Undefined Values,Variant,Simple,Draft,Allowed,"The product does not handle or incorrectly handles when a value is not defined or supported for the associated parameter, field, or argument name."
233,Improper Handling of Parameters,Base,Simple,Incomplete,Allowed,"The product does not properly handle when the expected number of parameters, fields, or arguments is not provided in input, or if those parameters are undefined."
235,Improper Handling of Extra Parameters,Variant,Simple,Draft,Allowed,"The product does not handle or incorrectly handles when the number of parameters, fields, or arguments with the same name exceeds the expected amount."
236,Improper Handling of Undefined Parameters,Variant,Simple,Draft,Allowed,"The product does not handle or incorrectly handles when a particular parameter, field, or argument name is not defined or supported by the product."
237,Improper Handling of Structural Elements,Base,Simple,Incomplete,Allowed,The product does not handle or incorrectly handles inputs that are related to complex structures.
238,Improper Handling of Incomplete Structural Elements,Variant,Simple,Draft,Allowed,The product does not handle or incorrectly handles when a particular structural element is not completely specified.
239,Failure to Handle Incomplete Element,Variant,Simple,Draft,Allowed,The product does not properly handle when a particular element is not completely specified.
24,Path Traversal: '../filedir',Variant,Simple,Incomplete,Allowed,"The product uses external input to construct a pathname that should be within a restricted directory, but it does not properly neutralize ""../"" sequences that can resolve to a location that is outside of that directory."
240,Improper Handling of Inconsistent Structural Elements,Base,Simple,Draft,Allowed,"The product does not handle or incorrectly handles when two or more structural elements should be consistent, but are not."
241,Improper Handling of Unexpected Data Type,Base,Simple,Draft,Allowed,"The product does not handle or incorrectly handles when a particular element is not the expected type, e.g. it expects a digit (0-9) but is provided with a letter (A-Z)."
242,Use of Inherently Dangerous Function,Base,Simple,Draft,Allowed,The product calls a function that can never be guaranteed to work safely.
243,Creation of chroot Jail Without Changing Working Directory,Variant,Simple,Draft,Allowed,"The product uses the chroot() system call to create a jail, but does not change the working directory afterward. This does not prevent access to files outside of the jail."
244,Improper Clearing of Heap Memory Before Release ('Heap Inspection'),Variant,Simple,Draft,Allowed,"Using realloc() to resize buffers that store sensitive information can leave the sensitive information exposed to attack, because it is not removed from memory."
245,J2EE Bad Practices: Direct Management of Connections,Variant,Simple,Draft,Allowed,"The J2EE application directly manages connections, instead of using the container's connection management facilities."
246,J2EE Bad Practices: Direct Use of Sockets,Variant,Simple,Draft,Allowed,The J2EE application directly uses sockets instead of using framework method calls.
248,Uncaught Exception,Base,Simple,Draft,Allowed,"An exception is thrown from a function, but it is not caught."
25,Path Traversal: '/../filedir',Variant,Simple,Incomplete,Allowed,"The product uses external input to construct a pathname that should be within a restricted directory, but it does not properly neutralize ""/../"" sequences that can resolve to a location that is outside of that directory."
250,Execution with Unnecessary Privileges,Base,Simple,Draft,Allowed,"The product performs an operation at a privilege level that is higher than the minimum level required, which creates new weaknesses or amplifies the consequences of other weaknesses."
252,Unchecked Return Value,Base,Simple,Draft,Allowed,"The product does not check the return value from a method or function, which can prevent it from detecting unexpected states and conditions."
253,Incorrect Check of Function Return Value,Base,Simple,Incomplete,Allowed,"The product incorrectly checks a return value from a function, which prevents it from detecting errors or exceptional conditions."
256,Plaintext Storage of a Password,Base,Simple,Incomplete,Allowed,The product stores a password in plaintext within resources such as memory or files.
257,Storing Passwords in a Recoverable Format,Base,Simple,Incomplete,Allowed,"The storage of passwords in a recoverable format makes them subject to password reuse attacks by malicious users. In fact, it should be noted that recoverable encrypted passwords provide no significant benefit over plaintext passwords since they are subject not only to reuse by malicious attackers but also by malicious insiders. If a system administrator can recover a password directly, or use a brute force search on the available information, the administrator can use the password on other accounts."
258,Empty Password in Configuration File,Variant,Simple,Incomplete,Allowed,Using an empty string as a password is insecure.
259,Use of Hard-coded Password,Variant,Simple,Draft,Allowed,"The product contains a hard-coded password, which it uses for its own inbound authentication or for outbound communication to external components."
26,Path Traversal: '/dir/../filename',Variant,Simple,Draft,Allowed,"The product uses external input to construct a pathname that should be within a restricted directory, but it does not properly neutralize ""/dir/../filename"" sequences that can resolve to a location that is outside of that directory."
260,Password in Configuration File,Base,Simple,Incomplete,Allowed,The product stores a password in a configuration file that might be accessible to actors who do not know the password.
261,Weak Encoding for Password,Base,Simple,Incomplete,Allowed,Obscuring a password with a trivial encoding does not protect the password.
262,Not Using Password Aging,Base,Simple,Draft,Allowed,The product does not have a mechanism in place for managing password aging.
266,Incorrect Privilege Assignment,Base,Simple,Draft,Allowed,"A product incorrectly assigns a privilege to a particular actor, creating an unintended sphere of control for that actor."
267,Privilege Defined With Unsafe Actions,Base,Simple,Incomplete,Allowed,"A particular privilege, role, capability, or right can be used to perform unsafe actions that were not intended, even when it is assigned to the correct entity."
268,Privilege Chaining,Base,Simple,Draft,Allowed,"Two distinct privileges, roles, capabilities, or rights can be combined in a way that allows an entity to perform unsafe actions that would not be allowed without that combination."
27,Path Traversal: 'dir/../../filename',Variant,Simple,Draft,Allowed,"The product uses external input to construct a pathname that should be within a restricted directory, but it does not properly neutralize multiple internal ""../"" sequences that can resolve to a location that is outside of that directory."
270,Privilege Context Switching Error,Base,Simple,Draft,Allowed,The product does not properly manage privileges while it is switching between different contexts that have different privileges or spheres of control.
272,Least Privilege Violation,Base,Simple,Incomplete,Allowed,The elevated privilege level required to perform operations such as chroot() should be dropped immediately after the operation is performed.
273,Improper Check for Dropped Privileges,Base,Simple,Incomplete,Allowed,The product attempts to drop privileges but does not check or incorrectly checks to see if the drop succeeded.
276,Incorrect Default Permissions,Base,Simple,Draft,Allowed,"During installation, installed file permissions are set to allow anyone to modify those files."
277,Insecure Inherited Permissions,Variant,Simple,Draft,Allowed,A product defines a set of insecure permissions that are inherited by objects that are created by the program.
278,Insecure Preserved Inherited Permissions,Variant,Simple,Incomplete,Allowed,"A product inherits a set of insecure permissions for an object, e.g. when copying from an archive file, without user awareness or involvement."
279,Incorrect Execution-Assigned Permissions,Variant,Simple,Draft,Allowed,"While it is executing, the product sets the permissions of an object in a way that violates the intended permissions that have been specified by the user."
28,Path Traversal: '..\filedir',Variant,Simple,Incomplete,Allowed,"The product uses external input to construct a pathname that should be within a restricted directory, but it does not properly neutralize ""..\"" sequences that can resolve to a location that is outside of that directory."
280,Improper Handling of Insufficient Permissions or Privileges,Base,Simple,Draft,Allowed,The product does not handle or incorrectly handles when it has insufficient privileges to access resources or functionality as specified by their permissions. This may cause it to follow unexpected code paths that may leave the product in an invalid state.
281,Improper Preservation of Permissions,Base,Simple,Draft,Allowed,"The product does not preserve permissions or incorrectly preserves permissions when copying, restoring, or sharing objects, which can cause them to have less restrictive permissions than intended."
283,Unverified Ownership,Base,Simple,Draft,Allowed,The product does not properly verify that a critical resource is owned by the proper entity.
288,Authentication Bypass Using an Alternate Path or Channel,Base,Simple,Incomplete,Allowed,"The product requires authentication, but the product has an alternate path or channel that does not require authentication."
289,Authentication Bypass by Alternate Name,Base,Simple,Incomplete,Allowed,"The product performs authentication based on the name of a resource being accessed, or the name of the actor performing the access, but it does not properly check all possible names for that resource or actor."
29,Path Traversal: '\..\filename',Variant,Simple,Incomplete,Allowed,"The product uses external input to construct a pathname that should be within a restricted directory, but it does not properly neutralize '\..\filename' (leading backslash dot dot) sequences that can resolve to a location that is outside of that directory."
290,Authentication Bypass by Spoofing,Base,Simple,Incomplete,Allowed,This attack-focused weakness is caused by incorrectly implemented authentication schemes that are subject to spoofing attacks.
291,Reliance on IP Address for Authentication,Variant,Simple,Incomplete,Allowed,The product uses an IP address for authentication.
293,Using Referer Field for Authentication,Variant,Simple,Draft,Allowed,"The referer field in HTTP requests can be easily modified and, as such, is not a valid means of message integrity checking."
294,Authentication Bypass by Capture-replay,Base,Simple,Incomplete,Allowed,A capture-replay flaw exists when the design of the product makes it possible for a malicious user to sniff network traffic and bypass authentication by replaying it to the server in question to the same effect as the original message (or with minor changes).
295,Improper Certificate Validation,Base,Simple,Draft,Allowed,"The product does not validate, or incorrectly validates, a certificate."
296,Improper Following of a Certificate's Chain of Trust,Base,Simple,Draft,Allowed,"The product does not follow, or incorrectly follows, the chain of trust for a certificate back to a trusted root certificate."
297,Improper Validation of Certificate with Host Mismatch,Variant,Simple,Incomplete,Allowed,"The product communicates with a host that provides a certificate, but the product does not properly ensure that the certificate is actually associated with that host."
298,Improper Validation of Certificate Expiration,Variant,Simple,Draft,Allowed,A certificate expiration is not validated or is incorrectly validated.
299,Improper Check for Certificate Revocation,Base,Simple,Draft,Allowed,"The product does not check or incorrectly checks the revocation status of a certificate, which may cause it to use a certificate that has been compromised."
30,Path Traversal: '\dir\..\filename',Variant,Simple,Draft,Allowed,"The product uses external input to construct a pathname that should be within a restricted directory, but it does not properly neutralize '\dir\..\filename' (leading backslash dot dot) sequences that can resolve to a location that is outside of that directory."
301,Reflection Attack in an Authentication Protocol,Base,Simple,Draft,Allowed,Simple authentication protocols are subject to reflection attacks if a malicious user can use the target machine to impersonate a trusted user.
302,Authentication Bypass by Assumed-Immutable Data,Base,Simple,Incomplete,Allowed,"The authentication scheme or implementation uses key data elements that are assumed to be immutable, but can be controlled or modified by the attacker."
303,Incorrect Implementation of Authentication Algorithm,Base,Simple,Draft,Allowed,"The requirements for the product dictate the use of an established authentication algorithm, but the implementation of the algorithm is incorrect."
304,Missing Critical Step in Authentication,Base,Simple,Draft,Allowed,"The product implements an authentication technique, but it skips a step that weakens the technique."
305,Authentication Bypass by Primary Weakness,Base,Simple,Draft,Allowed,"The authentication algorithm is sound, but the implemented mechanism can be bypassed as the result of a separate weakness that is primary to the authentication error."
306,Missing Authentication for Critical Function,Base,Simple,Draft,Allowed,The product does not perform any authentication for functionality that requires a provable user identity or consumes a significant amount of resources.
307,Improper Restriction of Excessive Authentication Attempts,Base,Simple,Draft,Allowed,The product does not implement sufficient measures to prevent multiple failed authentication attempts within a short time frame.
308,Use of Single-factor Authentication,Base,Simple,Draft,Allowed,"The product uses an authentication algorithm that uses a single factor (e.g., a password) in a security context that should require more than one factor."
309,Use of Password System for Primary Authentication,Base,Simple,Draft,Allowed,"The use of password systems as the primary means of authentication may be subject to several flaws or shortcomings, each reducing the effectiveness of the mechanism."
31,Path Traversal: 'dir\..\..\filename',Variant,Simple,Draft,Allowed,"The product uses external input to construct a pathname that should be within a restricted directory, but it does not properly neutralize 'dir\..\..\filename' (multiple internal backslash dot dot) sequences that can resolve to a location that is outside of that directory."
312,Cleartext Storage of Sensitive Information,Base,Simple,Draft,Allowed,The product stores sensitive information in cleartext within a resource that might be accessible to another control sphere.
313,Cleartext Storage in a File or on Disk,Variant,Simple,Draft,Allowed,"The product stores sensitive information in cleartext in a file, or on disk."
314,Cleartext Storage in the Registry,Variant,Simple,Draft,Allowed,The product stores sensitive information in cleartext in the registry.
315,Cleartext Storage of Sensitive Information in a Cookie,Variant,Simple,Draft,Allowed,The product stores sensitive information in cleartext in a cookie.
316,Cleartext Storage of Sensitive Information in Memory,Variant,Simple,Draft,Allowed,The product stores sensitive information in cleartext in memory.
317,Cleartext Storage of Sensitive Information in GUI,Variant,Simple,Draft,Allowed,The product stores sensitive information in cleartext within the GUI.
318,Cleartext Storage of Sensitive Information in Executable,Variant,Simple,Draft,Allowed,The product stores sensitive information in cleartext in an executable.
319,Cleartext Transmission of Sensitive Information,Base,Simple,Draft,Allowed,The product transmits sensitive or security-critical data in cleartext in a communication channel that can be sniffed by unauthorized actors.
32,Path Traversal: '...' (Triple Dot),Variant,Simple,Incomplete,Allowed,"The product uses external input to construct a pathname that should be within a restricted directory, but it does not properly neutralize '...' (triple dot) sequences that can resolve to a location that is outside of that directory."
321,Use of Hard-coded Cryptographic Key,Variant,Simple,Draft,Allowed,"The product uses a hard-coded, unchangeable cryptographic key."
322,Key Exchange without Entity Authentication,Base,Simple,Draft,Allowed,The product performs a key exchange with an actor without verifying the identity of that actor.
323,"Reusing a Nonce, Key Pair in Encryption",Base,Simple,Incomplete,Allowed,Nonces should be used for the present occasion and only once.
324,Use of a Key Past its Expiration Date,Base,Simple,Draft,Allowed,"The product uses a cryptographic key or password past its expiration date, which diminishes its safety significantly by increasing the timing window for cracking attacks against that key."
325,Missing Cryptographic Step,Base,Simple,Draft,Allowed,"The product does not implement a required step in a cryptographic algorithm, resulting in weaker encryption than advertised by the algorithm."
328,Use of Weak Hash,Base,Simple,Draft,Allowed,"The product uses an algorithm that produces a digest (output value) that does not meet security expectations for a hash function that allows an adversary to reasonably determine the original input (preimage attack), find another input that can produce the same hash (2nd preimage attack), or find multiple inputs that evaluate to the same hash (birthday attack)."
329,Generation of Predictable IV with CBC Mode,Variant,Simple,Draft,Allowed,"The product generates and uses a predictable initialization Vector (IV) with Cipher Block Chaining (CBC) Mode, which causes algorithms to be susceptible to dictionary attacks when they are encrypted under the same key."
33,Path Traversal: '....' (Multiple Dot),Variant,Simple,Incomplete,Allowed,"The product uses external input to construct a pathname that should be within a restricted directory, but it does not properly neutralize '....' (multiple dot) sequences that can resolve to a location that is outside of that directory."
331,Insufficient Entropy,Base,Simple,Draft,Allowed,"The product uses an algorithm or scheme that produces insufficient entropy, leaving patterns or clusters of values that are more likely to occur than others."
332,Insufficient Entropy in PRNG,Variant,Simple,Draft,Allowed,"The lack of entropy available for, or used by, a Pseudo-Random Number Generator (PRNG) can be a stability and security threat."
333,Improper Handling of Insufficient Entropy in TRNG,Variant,Simple,Draft,Allowed,True random number generators (TRNG) generally have a limited source of entropy and therefore can fail or block.
334,Small Space of Random Values,Base,Simple,Draft,Allowed,"The number of possible random values is smaller than needed by the product, making it more susceptible to brute force attacks."
335,Incorrect Usage of Seeds in Pseudo-Random Number Generator (PRNG),Base,Simple,Draft,Allowed,The product uses a Pseudo-Random Number Generator (PRNG) but does not correctly manage seeds.
336,Same Seed in Pseudo-Random Number Generator (PRNG),Variant,Simple,Draft,Allowed,A Pseudo-Random Number Generator (PRNG) uses the same seed each time the product is initialized.
337,Predictable Seed in Pseudo-Random Number Generator (PRNG),Variant,Simple,Draft,Allowed,"A Pseudo-Random Number Generator (PRNG) is initialized from a predictable seed, such as the process ID or system time."
338,Use of Cryptographically Weak Pseudo-Random Number Generator (PRNG),Base,Simple,Draft,Allowed,"The product uses a Pseudo-Random Number Generator (PRNG) in a security context, but the PRNG's algorithm is not cryptographically strong."
339,Small Seed Space in PRNG,Variant,Simple,Draft,Allowed,"A Pseudo-Random Number Generator (PRNG) uses a relatively small seed space, which makes it more susceptible to brute force attacks."
34,Path Traversal: '....//',Variant,Simple,Incomplete,Allowed,"The product uses external input to construct a pathname that should be within a restricted directory, but it does not properly neutralize '....//' (doubled dot dot slash) sequences that can resolve to a location that is outside of that directory."
341,Predictable from Observable State,Base,Simple,Draft,Allowed,"A number or object is predictable based on observations that the attacker can make about the state of the system or network, such as time, process ID, etc."
342,Predictable Exact Value from Previous Values,Base,Simple,Draft,Allowed,An exact value or random number can be precisely predicted by observing previous values.
343,Predictable Value Range from Previous Values,Base,Simple,Draft,Allowed,"The product's random number generator produces a series of values which, when observed, can be used to infer a relatively small range of possibilities for the next value that could be generated."
344,Use of Invariant Value in Dynamically Changing Context,Base,Simple,Draft,Allowed,"The product uses a constant value, name, or reference, but this value can (or should) vary across different environments."
347,Improper Verification of Cryptographic Signature,Base,Simple,Draft,Allowed,"The product does not verify, or incorrectly verifies, the cryptographic signature for data."
348,Use of Less Trusted Source,Base,Simple,Draft,Allowed,"The product has two different sources of the same data or information, but it uses the source that has less support for verification, is less trusted, or is less resistant to attack."
349,Acceptance of Extraneous Untrusted Data With Trusted Data,Base,Simple,Draft,Allowed,"The product, when processing trusted data, accepts any untrusted data that is also included with the trusted data, treating the untrusted data as if it were trusted."
35,Path Traversal: '.../...//',Variant,Simple,Incomplete,Allowed,"The product uses external input to construct a pathname that should be within a restricted directory, but it does not properly neutralize '.../...//' (doubled triple dot slash) sequences that can resolve to a location that is outside of that directory."
350,Reliance on Reverse DNS Resolution for a Security-Critical Action,Variant,Simple,Draft,Allowed,"The product performs reverse DNS resolution on an IP address to obtain the hostname and make a security decision, but it does not properly ensure that the IP address is truly associated with the hostname."
351,Insufficient Type Distinction,Base,Simple,Draft,Allowed,The product does not properly distinguish between different types of elements in a way that leads to insecure behavior.
352,Cross-Site Request Forgery (CSRF),Compound,Composite,Stable,Allowed,"The web application does not, or cannot, sufficiently verify whether a request was intentionally provided by the user who sent the request, which could have originated from an unauthorized actor."
353,Missing Support for Integrity Check,Base,Simple,Draft,Allowed,"The product uses a transmission protocol that does not include a mechanism for verifying the integrity of the data during transmission, such as a checksum."
354,Improper Validation of Integrity Check Value,Base,Simple,Draft,Allowed,"The product does not validate or incorrectly validates the integrity check values or ""checksums"" of a message. This may prevent it from detecting if the data has been modified or corrupted in transmission."
356,Product UI does not Warn User of Unsafe Actions,Base,Simple,Incomplete,Allowed,The product's user interface does not warn the user before undertaking an unsafe action on behalf of that user. This makes it easier for attackers to trick users into inflicting damage to their system.
357,Insufficient UI Warning of Dangerous Operations,Base,Simple,Draft,Allowed,"The user interface provides a warning to a user regarding dangerous or sensitive operations, but the warning is not noticeable enough to warrant attention."
358,Improperly Implemented Security Check for Standard,Base,Simple,Draft,Allowed,"The product does not implement or incorrectly implements one or more security-relevant checks as specified by the design of a standardized algorithm, protocol, or technique."
359,Exposure of Private Personal Information to an Unauthorized Actor,Base,Simple,Incomplete,Allowed,"The product does not properly prevent a person's private, personal information from being accessed by actors who either (1) are not explicitly authorized to access the information or (2) do not have the implicit consent of the person about whom the information is collected."
36,Absolute Path Traversal,Base,Simple,Draft,Allowed,"The product uses external input to construct a pathname that should be within a restricted directory, but it does not properly neutralize absolute path sequences such as ""/abs/path"" that can resolve to a location that is outside of that directory."
360,Trust of System Event Data,Base,Simple,Incomplete,Allowed,Security based on event locations are insecure and can be spoofed.
363,Race Condition Enabling Link Following,Base,Simple,Draft,Allowed,"The product checks the status of a file or directory before accessing it, which produces a race condition in which the file can be replaced with a link before the access is performed, causing the product to access the wrong file."
364,Signal Handler Race Condition,Base,Simple,Incomplete,Allowed,The product uses a signal handler that introduces a race condition.
366,Race Condition within a Thread,Base,Simple,Draft,Allowed,"If two threads of execution use a resource simultaneously, there exists the possibility that resources may be used while invalid, in turn making the state of execution undefined."
367,Time-of-check Time-of-use (TOCTOU) Race Condition,Base,Simple,Incomplete,Allowed,"The product checks the state of a resource before using that resource, but the resource's state can change between the check and the use in a way that invalidates the results of the check."
368,Context Switching Race Condition,Base,Simple,Draft,Allowed,"A product performs a series of non-atomic actions to switch between contexts that cross privilege or other security boundaries, but a race condition allows an attacker to modify or misrepresent the product's behavior during the switch."
369,Divide By Zero,Base,Simple,Draft,Allowed,The product divides a value by zero.
37,Path Traversal: '/absolute/pathname/here',Variant,Simple,Draft,Allowed,"The product accepts input in the form of a slash absolute path ('/absolute/pathname/here') without appropriate validation, which can allow an attacker to traverse the file system to unintended locations or access arbitrary files."
370,Missing Check for Certificate Revocation after Initial Check,Variant,Simple,Draft,Allowed,"The product does not check the revocation status of a certificate after its initial revocation check, which can cause the product to perform privileged actions even after the certificate is revoked at a later time."
374,Passing Mutable Objects to an Untrusted Method,Base,Simple,Draft,Allowed,The product sends non-cloned mutable data as an argument to a method or function.
375,Returning a Mutable Object to an Untrusted Caller,Base,Simple,Draft,Allowed,Sending non-cloned mutable data as a return value may result in that data being altered or deleted by the calling function.
378,Creation of Temporary File With Insecure Permissions,Base,Simple,Draft,Allowed,"Opening temporary files without appropriate measures or controls can leave the file, its contents and any function that it impacts vulnerable to attack."
379,Creation of Temporary File in Directory with Insecure Permissions,Base,Simple,Incomplete,Allowed,The product creates a temporary file in a directory whose permissions allow unintended actors to determine the file's existence or otherwise access that file.
38,Path Traversal: '\absolute\pathname\here',Variant,Simple,Draft,Allowed,"The product accepts input in the form of a backslash absolute path ('\absolute\pathname\here') without appropriate validation, which can allow an attacker to traverse the file system to unintended locations or access arbitrary files."
382,J2EE Bad Practices: Use of System.exit(),Variant,Simple,Draft,Allowed,"A J2EE application uses System.exit(), which also shuts down its container."
383,J2EE Bad Practices: Direct Use of Threads,Variant,Simple,Draft,Allowed,Thread management in a Web application is forbidden in some circumstances and is always highly error prone.
384,Session Fixation,Compound,Composite,Incomplete,Allowed,"Authenticating a user, or otherwise establishing a new user session, without invalidating any existing session identifier gives an attacker the opportunity to steal authenticated sessions."
385,Covert Timing Channel,Base,Simple,Incomplete,Allowed,"Covert timing channels convey information by modulating some aspect of system behavior over time, so that the program receiving the information can observe system behavior and infer protected information."
386,Symbolic Name not Mapping to Correct Object,Base,Simple,Draft,Allowed,"A constant symbolic reference to an object is used, even though the reference can resolve to a different object over time."
39,Path Traversal: 'C:dirname',Variant,Simple,Draft,Allowed,The product accepts input that contains a drive letter or Windows volume letter ('C:dirname') that potentially redirects access to an unintended location or arbitrary file.
390,Detection of Error Condition Without Action,Base,Simple,Draft,Allowed,"The product detects a specific error, but takes no actions to handle the error."
392,Missing Report of Error Condition,Base,Simple,Draft,Allowed,The product encounters an error but does not provide a status code or return value to indicate that an error has occurred.
393,Return of Wrong Status Code,Base,Simple,Draft,Allowed,"A function or operation returns an incorrect return value or status code that does not indicate the true result of execution, causing the product to modify its behavior based on the incorrect result."
394,Unexpected Status Code or Return Value,Base,Simple,Draft,Allowed,"The product does not properly check when a function or operation returns a value that is legitimate for the function, but is not expected by the product."
395,Use of NullPointerException Catch to Detect NULL Pointer Dereference,Base,Simple,Draft,Allowed,Catching NullPointerException should not be used as an alternative to programmatic checks to prevent dereferencing a null pointer.
396,Declaration of Catch for Generic Exception,Base,Simple,Draft,Allowed,Catching overly broad exceptions promotes complex error handling code that is more likely to contain security vulnerabilities.
397,Declaration of Throws for Generic Exception,Base,Simple,Draft,Allowed,The product throws or raises an overly broad exceptions that can hide important details and produce inappropriate responses to certain conditions.
40,Path Traversal: '\\UNC\share\name\' (Windows UNC Share),Variant,Simple,Draft,Allowed,The product accepts input that identifies a Windows UNC share ('\\UNC\share\name') that potentially redirects access to an unintended location or arbitrary file.
401,Missing Release of Memory after Effective Lifetime,Variant,Simple,Draft,Allowed,"The product does not sufficiently track and release allocated memory after it has been used, making the memory unavailable for reallocation and reuse."
403,Exposure of File Descriptor to Unintended Control Sphere ('File Descriptor Leak'),Base,Simple,Draft,Allowed,"A process does not close sensitive file descriptors before invoking a child process, which allows the child to perform unauthorized I/O operations using those descriptors."
408,Incorrect Behavior Order: Early Amplification,Base,Simple,Draft,Allowed,The product allows an entity to perform a legitimate but expensive operation before authentication or authorization has taken place.
409,Improper Handling of Highly Compressed Data (Data Amplification),Base,Simple,Incomplete,Allowed,The product does not handle or incorrectly handles a compressed input with a very high compression ratio that produces a large output.
41,Improper Resolution of Path Equivalence,Base,Simple,Incomplete,Allowed,The product is vulnerable to file system contents disclosure through path equivalence. Path equivalence involves the use of special characters in file and directory names. The associated manipulations are intended to generate multiple names for the same object.
410,Insufficient Resource Pool,Class,Simple,Incomplete,Allowed,"The product's resource pool is not large enough to handle peak demand, which allows an attacker to prevent others from accessing the resource by using a (relatively) large number of requests for resources."
412,Unrestricted Externally Accessible Lock,Base,Simple,Incomplete,Allowed,"The product properly checks for the existence of a lock, but the lock can be externally controlled or influenced by an actor that is outside of the intended sphere of control."
413,Improper Resource Locking,Base,Simple,Draft,Allowed,The product does not lock or does not correctly lock a resource when the product must have exclusive access to the resource.
414,Missing Lock Check,Base,Simple,Draft,Allowed,A product does not check to see if a lock is present before performing sensitive operations on a resource.
415,Double Free,Variant,Simple,Draft,Allowed,The product calls free() twice on the same memory address.
416,Use After Free,Variant,Simple,Stable,Allowed,"The product reuses or references memory after it has been freed. At some point afterward, the memory may be allocated again and saved in another pointer, while the original pointer references a location somewhere within the new allocation. Any operations using the original pointer are no longer valid because the memory ""belongs"" to the code that operates on the new pointer."
419,Unprotected Primary Channel,Base,Simple,Draft,Allowed,"The product uses a primary channel for administration or restricted functionality, but it does not properly protect the channel."
42,Path Equivalence: 'filename.' (Trailing Dot),Variant,Simple,Incomplete,Allowed,"The product accepts path input in the form of trailing dot ('filedir.') without appropriate validation, which can lead to ambiguous path resolution and allow an attacker to traverse the file system to unintended locations or access arbitrary files."
420,Unprotected Alternate Channel,Base,Simple,Draft,Allowed,"The product protects a primary channel, but it does not use the same level of protection for an alternate channel."
421,Race Condition During Access to Alternate Channel,Base,Simple,Draft,Allowed,"The product opens an alternate channel to communicate with an authorized user, but the channel is accessible to other actors."
422,Unprotected Windows Messaging Channel ('Shatter'),Variant,Simple,Draft,Allowed,"The product does not properly verify the source of a message in the Windows Messaging System while running at elevated privileges, creating an alternate channel through which an attacker can directly send a message to the product."
425,Direct Request ('Forced Browsing'),Base,Simple,Incomplete,Allowed,"The web application does not adequately enforce appropriate authorization on all restricted URLs, scripts, or files."
428,Unquoted Search Path or Element,Base,Simple,Draft,Allowed,"The product uses a search path that contains an unquoted element, in which the element contains whitespace or other separators. This can cause the product to access resources in a parent path."
43,Path Equivalence: 'filename....' (Multiple Trailing Dot),Variant,Simple,Incomplete,Allowed,"The product accepts path input in the form of multiple trailing dot ('filedir....') without appropriate validation, which can lead to ambiguous path resolution and allow an attacker to traverse the file system to unintended locations or access arbitrary files."
430,Deployment of Wrong Handler,Base,Simple,Incomplete,Allowed,"The wrong ""handler"" is assigned to process an object."
431,Missing Handler,Base,Simple,Draft,Allowed,A handler is not available or implemented.
432,Dangerous Signal Handler not Disabled During Sensitive Operations,Base,Simple,Draft,Allowed,"The product uses a signal handler that shares state with other signal handlers, but it does not properly mask or prevent those signal handlers from being invoked while the original signal handler is still running."
433,Unparsed Raw Web Content Delivery,Variant,Simple,Incomplete,Allowed,The product stores raw content or supporting code under the web document root with an extension that is not specifically handled by the server.
434,Unrestricted Upload of File with Dangerous Type,Base,Simple,Draft,Allowed,The product allows the upload or transfer of dangerous file types that are automatically processed within its environment.
437,Incomplete Model of Endpoint Features,Base,Simple,Incomplete,Allowed,"A product acts as an intermediary or monitor between two or more endpoints, but it does not have a complete model of an endpoint's features, behaviors, or state, potentially causing the product to perform incorrect actions based on this incomplete model."
439,Behavioral Change in New Version or Environment,Base,Simple,Draft,Allowed,"A's behavior or functionality changes with a new version of A, or a new environment, which is not known (or manageable) by B."
44,Path Equivalence: 'file.name' (Internal Dot),Variant,Simple,Incomplete,Allowed,"The product accepts path input in the form of internal dot ('file.ordir') without appropriate validation, which can lead to ambiguous path resolution and allow an attacker to traverse the file system to unintended locations or access arbitrary files."
440,Expected Behavior Violation,Base,Simple,Draft,Allowed,"A feature, API, or function does not perform according to its specification."
444,Inconsistent Interpretation of HTTP Requests ('HTTP Request/Response Smuggling'),Base,Simple,Incomplete,Allowed,"The product acts as an intermediary HTTP agent
         (such as a proxy or firewall) in the data flow between two
         entities such as a client and server, but it does not
         interpret malformed HTTP requests or responses in ways that
         are consistent with how the messages will be processed by
         those entities that are at the ultimate destination."
447,Unimplemented or Unsupported Feature in UI,Base,Simple,Draft,Allowed,"A UI function for a security feature appears to be supported and gives feedback to the user that suggests that it is supported, but the underlying functionality is not implemented."
448,Obsolete Feature in UI,Base,Simple,Draft,Allowed,A UI function is obsolete and the product does not warn the user.
449,The UI Performs the Wrong Action,Base,Simple,Incomplete,Allowed,The UI performs the wrong action with respect to the user's request.
45,Path Equivalence: 'file...name' (Multiple Internal Dot),Variant,Simple,Incomplete,Allowed,"The product accepts path input in the form of multiple internal dot ('file...dir') without appropriate validation, which can lead to ambiguous path resolution and allow an attacker to traverse the file system to unintended locations or access arbitrary files."
450,Multiple Interpretations of UI Input,Base,Simple,Draft,Allowed,The UI has multiple interpretations of user input but does not prompt the user when it selects the less secure interpretation.
453,Insecure Default Variable Initialization,Variant,Simple,Draft,Allowed,"The product, by default, initializes an internal variable with an insecure or less secure value than is possible."
454,External Initialization of Trusted Variables or Data Stores,Base,Simple,Draft,Allowed,The product initializes critical internal variables or data stores using inputs that can be modified by untrusted actors.
455,Non-exit on Failed Initialization,Base,Simple,Draft,Allowed,"The product does not exit or otherwise modify its operation when security-relevant errors occur during initialization, such as when a configuration file has a format error or a hardware security module (HSM) cannot be activated, which can cause the product to execute in a less secure fashion than intended by the administrator."
456,Missing Initialization of a Variable,Variant,Simple,Draft,Allowed,"The product does not initialize critical variables, which causes the execution environment to use unexpected values."
457,Use of Uninitialized Variable,Variant,Simple,Draft,Allowed,"The code uses a variable that has not been initialized, leading to unpredictable or unintended results."
459,Incomplete Cleanup,Base,Simple,Draft,Allowed,"The product does not properly ""clean up"" and remove temporary or supporting resources after they have been used."
46,Path Equivalence: 'filename ' (Trailing Space),Variant,Simple,Incomplete,Allowed,"The product accepts path input in the form of trailing space ('filedir ') without appropriate validation, which can lead to ambiguous path resolution and allow an attacker to traverse the file system to unintended locations or access arbitrary files."
460,Improper Cleanup on Thrown Exception,Base,Simple,Draft,Allowed,"The product does not clean up its state or incorrectly cleans up its state when an exception is thrown, leading to unexpected state or control flow."
462,Duplicate Key in Associative List (Alist),Variant,Simple,Incomplete,Allowed,Duplicate keys in associative lists can lead to non-unique keys being mistaken for an error.
463,Deletion of Data Structure Sentinel,Base,Simple,Incomplete,Allowed,The accidental deletion of a data-structure sentinel can cause serious programming logic problems.
464,Addition of Data Structure Sentinel,Base,Simple,Incomplete,Allowed,The accidental addition of a data-structure sentinel can cause serious programming logic problems.
466,Return of Pointer Value Outside of Expected Range,Base,Simple,Draft,Allowed,A function can return a pointer to memory that is outside of the buffer that the pointer is expected to reference.
467,Use of sizeof() on a Pointer Type,Variant,Simple,Draft,Allowed,"The code calls sizeof() on a pointer type, which can be an incorrect calculation if the programmer intended to determine the size of the data that is being pointed to."
468,Incorrect Pointer Scaling,Base,Simple,Incomplete,Allowed,"In C and C++, one may often accidentally refer to the wrong memory due to the semantics of when math operations are implicitly scaled."
469,Use of Pointer Subtraction to Determine Size,Base,Simple,Draft,Allowed,"The product subtracts one pointer from another in order to determine size, but this calculation can be incorrect if the pointers do not exist in the same memory chunk."
47,Path Equivalence: ' filename' (Leading Space),Variant,Simple,Incomplete,Allowed,"The product accepts path input in the form of leading space (' filedir') without appropriate validation, which can lead to ambiguous path resolution and allow an attacker to traverse the file system to unintended locations or access arbitrary files."
470,Use of Externally-Controlled Input to Select Classes or Code ('Unsafe Reflection'),Base,Simple,Draft,Allowed,"The product uses external input with reflection to select which classes or code to use, but it does not sufficiently prevent the input from selecting improper classes or code."
471,Modification of Assumed-Immutable Data (MAID),Base,Simple,Draft,Allowed,The product does not properly protect an assumed-immutable element from being modified by an attacker.
472,External Control of Assumed-Immutable Web Parameter,Base,Simple,Draft,Allowed,"The web application does not sufficiently verify inputs that are assumed to be immutable but are actually externally controllable, such as hidden form fields."
473,PHP External Variable Modification,Variant,Simple,Draft,Allowed,"A PHP application does not properly protect against the modification of variables from external sources, such as query parameters or cookies. This can expose the application to numerous weaknesses that would not exist otherwise."
474,Use of Function with Inconsistent Implementations,Base,Simple,Draft,Allowed,The code uses a function that has inconsistent implementations across operating systems and versions.
475,Undefined Behavior for Input to API,Base,Simple,Incomplete,Allowed,The behavior of this function is undefined unless its control parameter is set to a specific value.
476,NULL Pointer Dereference,Base,Simple,Stable,Allowed,The product dereferences a pointer that it expects to be valid but is NULL.
477,Use of Obsolete Function,Base,Simple,Draft,Allowed,"The code uses deprecated or obsolete functions, which suggests that the code has not been actively reviewed or maintained."
478,Missing Default Case in Multiple Condition Expression,Base,Simple,Draft,Allowed,"The code does not have a default case in an expression with multiple conditions, such as a switch statement."
479,Signal Handler Use of a Non-reentrant Function,Variant,Simple,Draft,Allowed,The product defines a signal handler that calls a non-reentrant function.
48,Path Equivalence: 'file name' (Internal Whitespace),Variant,Simple,Incomplete,Allowed,"The product accepts path input in the form of internal space ('file(SPACE)name') without appropriate validation, which can lead to ambiguous path resolution and allow an attacker to traverse the file system to unintended locations or access arbitrary files."
480,Use of Incorrect Operator,Base,Simple,Draft,Allowed,"The product accidentally uses the wrong operator, which changes the logic in security-relevant ways."
481,Assigning instead of Comparing,Variant,Simple,Draft,Allowed,The code uses an operator for assignment when the intention was to perform a comparison.
482,Comparing instead of Assigning,Variant,Simple,Draft,Allowed,The code uses an operator for comparison when the intention was to perform an assignment.
483,Incorrect Block Delimitation,Base,Simple,Draft,Allowed,"The code does not explicitly delimit a block that is intended to contain 2 or more statements, creating a logic error."
484,Omitted Break Statement in Switch,Base,Simple,Draft,Allowed,"The product omits a break statement within a switch or similar construct, causing code associated with multiple conditions to execute. This can cause problems when the programmer only intended to execute code associated with one condition."
486,Comparison of Classes by Name,Variant,Simple,Draft,Allowed,"The product compares classes by name, which can cause it to use the wrong class when multiple classes can have the same name."
487,Reliance on Package-level Scope,Base,Simple,Incomplete,Allowed,"Java packages are not inherently closed; therefore, relying on them for code security is not a good practice."
488,Exposure of Data Element to Wrong Session,Base,Simple,Draft,Allowed,"The product does not sufficiently enforce boundaries between the states of different sessions, causing data to be provided to, or used by, the wrong session."
489,Active Debug Code,Base,Simple,Draft,Allowed,The product is released with debugging code still enabled or active.
49,Path Equivalence: 'filename/' (Trailing Slash),Variant,Simple,Incomplete,Allowed,"The product accepts path input in the form of trailing slash ('filedir/') without appropriate validation, which can lead to ambiguous path resolution and allow an attacker to traverse the file system to unintended locations or access arbitrary files."
491,Public cloneable() Method Without Final ('Object Hijack'),Variant,Simple,Draft,Allowed,"A class has a cloneable() method that is not declared final, which allows an object to be created without calling the constructor. This can cause the object to be in an unexpected state."
492,Use of Inner Class Containing Sensitive Data,Variant,Simple,Draft,Allowed,Inner classes are translated into classes that are accessible at package scope and may expose code that the programmer intended to keep private to attackers.
493,Critical Public Variable Without Final Modifier,Variant,Simple,Draft,Allowed,"The product has a critical public variable that is not final, which allows the variable to be modified to contain unexpected values."
494,Download of Code Without Integrity Check,Base,Simple,Draft,Allowed,The product downloads source code or an executable from a remote location and executes the code without sufficiently verifying the origin and integrity of the code.
495,Private Data Structure Returned From A Public Method,Variant,Simple,Draft,Allowed,"The product has a method that is declared public, but returns a reference to a private data structure, which could then be modified in unexpected ways."
496,Public Data Assigned to Private Array-Typed Field,Variant,Simple,Incomplete,Allowed,Assigning public data to a private array is equivalent to giving public access to the array.
497,Exposure of Sensitive System Information to an Unauthorized Control Sphere,Base,Simple,Incomplete,Allowed,The product does not properly prevent sensitive system-level information from being accessed by unauthorized actors who do not have the same level of access to the underlying system as the product does.
498,Cloneable Class Containing Sensitive Information,Variant,Simple,Draft,Allowed,"The code contains a class with sensitive data, but the class is cloneable. The data can then be accessed by cloning the class."
499,Serializable Class Containing Sensitive Data,Variant,Simple,Draft,Allowed,"The code contains a class with sensitive data, but the class does not explicitly deny serialization. The data can be accessed by serializing the class through another class."
5,J2EE Misconfiguration: Data Transmission Without Encryption,Variant,Simple,Draft,Allowed,Information sent over a network can be compromised while in transit. An attacker may be able to read or modify the contents if the data are sent in plaintext or are weakly encrypted.
50,Path Equivalence: '//multiple/leading/slash',Variant,Simple,Incomplete,Allowed,"The product accepts path input in the form of multiple leading slash ('//multiple/leading/slash') without appropriate validation, which can lead to ambiguous path resolution and allow an attacker to traverse the file system to unintended locations or access arbitrary files."
500,Public Static Field Not Marked Final,Variant,Simple,Draft,Allowed,"An object contains a public static field that is not marked final, which might allow it to be modified in unexpected ways."
501,Trust Boundary Violation,Base,Simple,Draft,Allowed,The product mixes trusted and untrusted data in the same data structure or structured message.
502,Deserialization of Untrusted Data,Base,Simple,Draft,Allowed,The product deserializes untrusted data without sufficiently ensuring that the resulting data will be valid.
507,Trojan Horse,Base,Simple,Incomplete,Allowed,"The product appears to contain benign or useful functionality, but it also contains code that is hidden from normal operation that violates the intended security policy of the user or the system administrator."
508,Non-Replicating Malicious Code,Base,Simple,Incomplete,Allowed,Non-replicating malicious code only resides on the target system or product that is attacked; it does not attempt to spread to other systems.
509,Replicating Malicious Code (Virus or Worm),Base,Simple,Incomplete,Allowed,"Replicating malicious code, including viruses and worms, will attempt to attack other systems once it has successfully compromised the target system or the product."
51,Path Equivalence: '/multiple//internal/slash',Variant,Simple,Incomplete,Allowed,"The product accepts path input in the form of multiple internal slash ('/multiple//internal/slash/') without appropriate validation, which can lead to ambiguous path resolution and allow an attacker to traverse the file system to unintended locations or access arbitrary files."
510,Trapdoor,Base,Simple,Incomplete,Allowed,"A trapdoor is a hidden piece of code that responds to a special input, allowing its user access to resources without passing through the normal security enforcement mechanism."
511,Logic/Time Bomb,Base,Simple,Incomplete,Allowed,"The product contains code that is designed to disrupt the legitimate operation of the product (or its environment) when a certain time passes, or when a certain logical condition is met."
512,Spyware,Base,Simple,Incomplete,Allowed,"The product collects personally identifiable information about a human user or the user's activities, but the product accesses this information using other resources besides itself, and it does not require that user's explicit approval or direct input into the product."
515,Covert Storage Channel,Base,Simple,Incomplete,Allowed,A covert storage channel transfers information through the setting of bits by one program and the reading of those bits by another. What distinguishes this case from that of ordinary operation is that the bits are used to convey encoded information.
52,Path Equivalence: '/multiple/trailing/slash//',Variant,Simple,Incomplete,Allowed,"The product accepts path input in the form of multiple trailing slash ('/multiple/trailing/slash//') without appropriate validation, which can lead to ambiguous path resolution and allow an attacker to traverse the file system to unintended locations or access arbitrary files."
520,.NET Misconfiguration: Use of Impersonation,Variant,Simple,Incomplete,Allowed,Allowing a .NET application to run at potentially escalated levels of access to the underlying operating and file systems can be dangerous and result in various forms of attacks.
521,Weak Password Requirements,Base,Simple,Draft,Allowed,The product does not require that users should have strong passwords.
523,Unprotected Transport of Credentials,Base,Simple,Incomplete,Allowed,Login pages do not use adequate measures to protect the user name and password while they are in transit from the client to the server.
524,Use of Cache Containing Sensitive Information,Base,Simple,Incomplete,Allowed,"The code uses a cache that contains sensitive information, but the cache can be read by an actor outside of the intended control sphere."
525,Use of Web Browser Cache Containing Sensitive Information,Variant,Simple,Incomplete,Allowed,The web application does not use an appropriate caching policy that specifies the extent to which each web page and associated form fields should be cached.
526,Cleartext Storage of Sensitive Information in an Environment Variable,Variant,Simple,Incomplete,Allowed,The product uses an environment variable to store unencrypted sensitive information.
527,Exposure of Version-Control Repository to an Unauthorized Control Sphere,Variant,Simple,Incomplete,Allowed,"The product stores a CVS, git, or other repository in a directory, archive, or other resource that is stored, transferred, or otherwise made accessible to unauthorized actors."
528,Exposure of Core Dump File to an Unauthorized Control Sphere,Variant,Simple,Draft,Allowed,"The product generates a core dump file in a directory, archive, or other resource that is stored, transferred, or otherwise made accessible to unauthorized actors."
529,Exposure of Access Control List Files to an Unauthorized Control Sphere,Variant,Simple,Incomplete,Allowed,The product stores access control list files in a directory or other container that is accessible to actors outside of the intended control sphere.
53,Path Equivalence: '\multiple\\internal\backslash',Variant,Simple,Incomplete,Allowed,"The product accepts path input in the form of multiple internal backslash ('\multiple\trailing\\slash') without appropriate validation, which can lead to ambiguous path resolution and allow an attacker to traverse the file system to unintended locations or access arbitrary files."
530,Exposure of Backup File to an Unauthorized Control Sphere,Variant,Simple,Incomplete,Allowed,A backup file is stored in a directory or archive that is made accessible to unauthorized actors.
531,Inclusion of Sensitive Information in Test Code,Variant,Simple,Incomplete,Allowed,"Accessible test applications can pose a variety of security risks. Since developers or administrators rarely consider that someone besides themselves would even know about the existence of these applications, it is common for them to contain sensitive information or functions."
532,Insertion of Sensitive Information into Log File,Base,Simple,Incomplete,Allowed,The product writes sensitive information to a log file.
535,Exposure of Information Through Shell Error Message,Variant,Simple,Incomplete,Allowed,"A command shell error message indicates that there exists an unhandled exception in the web application code. In many cases, an attacker can leverage the conditions that cause these errors in order to gain unauthorized access to the system."
536,Servlet Runtime Error Message Containing Sensitive Information,Variant,Simple,Incomplete,Allowed,A servlet error message indicates that there exists an unhandled exception in the web application code and may provide useful information to an attacker.
537,Java Runtime Error Message Containing Sensitive Information,Variant,Simple,Incomplete,Allowed,"In many cases, an attacker can leverage the conditions that cause unhandled exception errors in order to gain unauthorized access to the system."
538,Insertion of Sensitive Information into Externally-Accessible File or Directory,Base,Simple,Draft,Allowed,"The product places sensitive information into files or directories that are accessible to actors who are allowed to have access to the files, but not to the sensitive information."
539,Use of Persistent Cookies Containing Sensitive Information,Variant,Simple,Incomplete,Allowed,"The web application uses persistent cookies, but the cookies contain sensitive information."
54,Path Equivalence: 'filedir\' (Trailing Backslash),Variant,Simple,Incomplete,Allowed,"The product accepts path input in the form of trailing backslash ('filedir\') without appropriate validation, which can lead to ambiguous path resolution and allow an attacker to traverse the file system to unintended locations or access arbitrary files."
540,Inclusion of Sensitive Information in Source Code,Base,Simple,Incomplete,Allowed,Source code on a web server or repository often contains sensitive information and should generally not be accessible to users.
541,Inclusion of Sensitive Information in an Include File,Variant,Simple,Incomplete,Allowed,"If an include file source is accessible, the file can contain usernames and passwords, as well as sensitive information pertaining to the application and system."
543,Use of Singleton Pattern Without Synchronization in a Multithreaded Context,Variant,Simple,Incomplete,Allowed,The product uses the singleton pattern when creating a resource within a multithreaded environment.
544,Missing Standardized Error Handling Mechanism,Base,Simple,Draft,Allowed,"The product does not use a standardized method for handling errors throughout the code, which might introduce inconsistent error handling and resultant weaknesses."
546,Suspicious Comment,Variant,Simple,Draft,Allowed,"The code contains comments that suggest the presence of bugs, incomplete functionality, or weaknesses."
547,"Use of Hard-coded, Security-relevant Constants",Base,Simple,Draft,Allowed,"The product uses hard-coded constants instead of symbolic names for security-critical values, which increases the likelihood of mistakes during code maintenance or security policy change."
548,Exposure of Information Through Directory Listing,Variant,Simple,Draft,Allowed,The product inappropriately exposes a directory listing with an index of all the resources located inside of the directory.
549,Missing Password Field Masking,Base,Simple,Draft,Allowed,"The product does not mask passwords during entry, increasing the potential for attackers to observe and capture passwords."
55,Path Equivalence: '/./' (Single Dot Directory),Variant,Simple,Incomplete,Allowed,"The product accepts path input in the form of single dot directory exploit ('/./') without appropriate validation, which can lead to ambiguous path resolution and allow an attacker to traverse the file system to unintended locations or access arbitrary files."
550,Server-generated Error Message Containing Sensitive Information,Variant,Simple,Incomplete,Allowed,"Certain conditions, such as network failure, will cause a server error message to be displayed."
551,Incorrect Behavior Order: Authorization Before Parsing and Canonicalization,Base,Simple,Incomplete,Allowed,"If a web server does not fully parse requested URLs before it examines them for authorization, it may be possible for an attacker to bypass authorization protection."
552,Files or Directories Accessible to External Parties,Base,Simple,Draft,Allowed,"The product makes files or directories accessible to unauthorized actors, even though they should not be."
553,Command Shell in Externally Accessible Directory,Variant,Simple,Incomplete,Allowed,A possible shell file exists in /cgi-bin/ or other accessible directories. This is extremely dangerous and can be used by an attacker to execute commands on the web server.
554,ASP.NET Misconfiguration: Not Using Input Validation Framework,Variant,Simple,Draft,Allowed,The ASP.NET application does not use an input validation framework.
555,J2EE Misconfiguration: Plaintext Password in Configuration File,Variant,Simple,Draft,Allowed,The J2EE application stores a plaintext password in a configuration file.
556,ASP.NET Misconfiguration: Use of Identity Impersonation,Variant,Simple,Incomplete,Allowed,Configuring an ASP.NET application to run with impersonated credentials may give the application unnecessary privileges.
558,Use of getlogin() in Multithreaded Application,Variant,Simple,Draft,Allowed,"The product uses the getlogin() function in a multithreaded context, potentially causing it to return incorrect values."
56,Path Equivalence: 'filedir*' (Wildcard),Variant,Simple,Incomplete,Allowed,"The product accepts path input in the form of asterisk wildcard ('filedir*') without appropriate validation, which can lead to ambiguous path resolution and allow an attacker to traverse the file system to unintended locations or access arbitrary files."
560,Use of umask() with chmod-style Argument,Variant,Simple,Draft,Allowed,The product calls umask() with an incorrect argument that is specified as if it is an argument to chmod().
561,Dead Code,Base,Simple,Draft,Allowed,"The product contains dead code, which can never be executed."
562,Return of Stack Variable Address,Base,Simple,Draft,Allowed,"A function returns the address of a stack variable, which will cause unintended program behavior, typically in the form of a crash."
563,Assignment to Variable without Use,Base,Simple,Draft,Allowed,"The variable's value is assigned but never used, making it a dead store."
564,SQL Injection: Hibernate,Variant,Simple,Incomplete,Allowed,Using Hibernate to execute a dynamic SQL statement built with user-controlled input can allow an attacker to modify the statement's meaning or to execute arbitrary SQL commands.
565,Reliance on Cookies without Validation and Integrity Checking,Base,Simple,Incomplete,Allowed,"The product relies on the existence or values of cookies when performing security-critical operations, but it does not properly ensure that the setting is valid for the associated user."
566,Authorization Bypass Through User-Controlled SQL Primary Key,Variant,Simple,Incomplete,Allowed,"The product uses a database table that includes records that should not be accessible to an actor, but it executes a SQL statement with a primary key that can be controlled by that actor."
567,Unsynchronized Access to Shared Data in a Multithreaded Context,Base,Simple,Draft,Allowed,"The product does not properly synchronize shared data, such as static variables across threads, which can lead to undefined behavior and unpredictable data changes."
568,finalize() Method Without super.finalize(),Variant,Simple,Draft,Allowed,The product contains a finalize() method that does not call super.finalize().
57,Path Equivalence: 'fakedir/../realdir/filename',Variant,Simple,Incomplete,Allowed,"The product contains protection mechanisms to restrict access to 'realdir/filename', but it constructs pathnames using external input in the form of 'fakedir/../realdir/filename' that are not handled by those mechanisms. This allows attackers to perform unauthorized actions against the targeted file."
570,Expression is Always False,Base,Simple,Draft,Allowed,The product contains an expression that will always evaluate to false.
571,Expression is Always True,Base,Simple,Draft,Allowed,The product contains an expression that will always evaluate to true.
572,Call to Thread run() instead of start(),Variant,Simple,Draft,Allowed,"The product calls a thread's run() method instead of calling start(), which causes the code to run in the thread of the caller instead of the callee."
574,EJB Bad Practices: Use of Synchronization Primitives,Variant,Simple,Draft,Allowed,The product violates the Enterprise JavaBeans (EJB) specification by using thread synchronization primitives.
575,EJB Bad Practices: Use of AWT Swing,Variant,Simple,Draft,Allowed,The product violates the Enterprise JavaBeans (EJB) specification by using AWT/Swing.
576,EJB Bad Practices: Use of Java I/O,Variant,Simple,Draft,Allowed,The product violates the Enterprise JavaBeans (EJB) specification by using the java.io package.
577,EJB Bad Practices: Use of Sockets,Variant,Simple,Draft,Allowed,The product violates the Enterprise JavaBeans (EJB) specification by using sockets.
578,EJB Bad Practices: Use of Class Loader,Variant,Simple,Draft,Allowed,The product violates the Enterprise JavaBeans (EJB) specification by using the class loader.
579,J2EE Bad Practices: Non-serializable Object Stored in Session,Variant,Simple,Draft,Allowed,"The product stores a non-serializable object as an HttpSession attribute, which can hurt reliability."
58,Path Equivalence: Windows 8.3 Filename,Variant,Simple,Incomplete,Allowed,"The product contains a protection mechanism that restricts access to a long filename on a Windows operating system, but it does not properly restrict access to the equivalent short ""8.3"" filename."
580,clone() Method Without super.clone(),Variant,Simple,Draft,Allowed,The product contains a clone() method that does not call super.clone() to obtain the new object.
581,Object Model Violation: Just One of Equals and Hashcode Defined,Variant,Simple,Draft,Allowed,The product does not maintain equal hashcodes for equal objects.
582,"Array Declared Public, Final, and Static",Variant,Simple,Draft,Allowed,"The product declares an array public, final, and static, which is not sufficient to prevent the array's contents from being modified."
583,finalize() Method Declared Public,Variant,Simple,Incomplete,Allowed,The product violates secure coding principles for mobile code by declaring a finalize() method public.
584,Return Inside Finally Block,Base,Simple,Draft,Allowed,"The code has a return statement inside a finally block, which will cause any thrown exception in the try block to be discarded."
585,Empty Synchronized Block,Variant,Simple,Draft,Allowed,The product contains an empty synchronized block.
586,Explicit Call to Finalize(),Base,Simple,Draft,Allowed,The product makes an explicit call to the finalize() method from outside the finalizer.
587,Assignment of a Fixed Address to a Pointer,Variant,Simple,Draft,Allowed,The product sets a pointer to a specific address other than NULL or 0.
588,Attempt to Access Child of a Non-structure Pointer,Variant,Simple,Incomplete,Allowed,Casting a non-structure type to a structure type and accessing a field can lead to memory access errors or data corruption.
589,Call to Non-ubiquitous API,Variant,Simple,Incomplete,Allowed,The product uses an API function that does not exist on all versions of the target platform. This could cause portability problems or inconsistencies that allow denial of service or other consequences.
59,Improper Link Resolution Before File Access ('Link Following'),Base,Simple,Draft,Allowed,"The product attempts to access a file based on the filename, but it does not properly prevent that filename from identifying a link or shortcut that resolves to an unintended resource."
590,Free of Memory not on the Heap,Variant,Simple,Incomplete,Allowed,"The product calls free() on a pointer to memory that was not allocated using associated heap allocation functions such as malloc(), calloc(), or realloc()."
591,Sensitive Data Storage in Improperly Locked Memory,Variant,Simple,Draft,Allowed,"The product stores sensitive data in memory that is not locked, or that has been incorrectly locked, which might cause the memory to be written to swap files on disk by the virtual memory manager. This can make the data more accessible to external actors."
593,Authentication Bypass: OpenSSL CTX Object Modified after SSL Objects are Created,Variant,Simple,Draft,Allowed,The product modifies the SSL context after connection creation has begun.
594,J2EE Framework: Saving Unserializable Objects to Disk,Variant,Simple,Incomplete,Allowed,When the J2EE container attempts to write unserializable objects to disk there is no guarantee that the process will complete successfully.
595,Comparison of Object References Instead of Object Contents,Variant,Simple,Incomplete,Allowed,"The product compares object references instead of the contents of the objects themselves, preventing it from detecting equivalent objects."
597,Use of Wrong Operator in String Comparison,Variant,Simple,Draft,Allowed,"The product uses the wrong operator when comparing a string, such as using ""=="" when the .equals() method should be used instead."
598,Use of HTTP Request With Sensitive Query String,Variant,Simple,Draft,Allowed,"The web application uses an HTTP method to process a request, but the request includes sensitive information in the query string."
599,Missing Validation of OpenSSL Certificate,Variant,Simple,Incomplete,Allowed,The product uses OpenSSL and trusts or uses a certificate without using the SSL_get_verify_result() function to ensure that the certificate satisfies all necessary security requirements.
6,J2EE Misconfiguration: Insufficient Session-ID Length,Variant,Simple,Incomplete,Allowed,The J2EE application is configured to use an insufficient session ID length.
600,Uncaught Exception in Servlet,Variant,Simple,Draft,Allowed,"The Servlet does not catch all exceptions, which may reveal sensitive debugging information."
601,URL Redirection to Untrusted Site ('Open Redirect'),Base,Simple,Draft,Allowed,"The web application accepts a user-controlled input that specifies a link to an external site, and uses that link in a redirect."
603,Use of Client-Side Authentication,Base,Simple,Draft,Allowed,"A client/server product performs authentication within client code but not in server code, allowing server-side authentication to be bypassed via a modified client that omits the authentication check."
605,Multiple Binds to the Same Port,Variant,Simple,Draft,Allowed,"When multiple sockets are allowed to bind to the same port, other services on that port may be stolen or spoofed."
606,Unchecked Input for Loop Condition,Base,Simple,Draft,Allowed,"The product does not properly check inputs that are used for loop conditions, potentially leading to a denial of service or other consequences because of excessive looping."
607,Public Static Final Field References Mutable Object,Variant,Simple,Draft,Allowed,"A public or protected static final field references a mutable object, which allows the object to be changed by malicious code, or accidentally from another package."
608,Struts: Non-private Field in ActionForm Class,Variant,Simple,Draft,Allowed,"An ActionForm class contains a field that has not been declared private, which can be accessed without using a setter or getter."
609,Double-Checked Locking,Base,Simple,Draft,Allowed,"The product uses double-checked locking to access a resource without the overhead of explicit synchronization, but the locking is insufficient."
61,UNIX Symbolic Link (Symlink) Following,Compound,Composite,Incomplete,Allowed,"The product, when opening a file or directory, does not sufficiently account for when the file is a symbolic link that resolves to a target outside of the intended control sphere. This could allow an attacker to cause the product to operate on unauthorized files."
611,Improper Restriction of XML External Entity Reference,Base,Simple,Draft,Allowed,"The product processes an XML document that can contain XML entities with URIs that resolve to documents outside of the intended sphere of control, causing the product to embed incorrect documents into its output."
612,Improper Authorization of Index Containing Sensitive Information,Base,Simple,Draft,Allowed,"The product creates a search index of private or sensitive documents, but it does not properly limit index access to actors who are authorized to see the original information."
614,Sensitive Cookie in HTTPS Session Without 'Secure' Attribute,Variant,Simple,Draft,Allowed,The Secure attribute for sensitive cookies in HTTPS sessions is not set.
615,Inclusion of Sensitive Information in Source Code Comments,Variant,Simple,Incomplete,Allowed,"While adding general comments is very useful, some programmers tend to leave important data, such as: filenames related to the web application, old links or links which were not meant to be browsed by users, old code fragments, etc."
616,Incomplete Identification of Uploaded File Variables (PHP),Variant,Simple,Incomplete,Allowed,"The PHP application uses an old method for processing uploaded files by referencing the four global variables that are set for each file (e.g. $varname, $varname_size, $varname_name, $varname_type). These variables could be overwritten by attackers, causing the application to process unauthorized files."
617,Reachable Assertion,Base,Simple,Draft,Allowed,"The product contains an assert() or similar statement that can be triggered by an attacker, which leads to an application exit or other behavior that is more severe than necessary."
618,Exposed Unsafe ActiveX Method,Variant,Simple,Incomplete,Allowed,"An ActiveX control is intended for use in a web browser, but it exposes dangerous methods that perform actions that are outside of the browser's security model (e.g. the zone or domain)."
619,Dangling Database Cursor ('Cursor Injection'),Base,Simple,Incomplete,Allowed,"If a database cursor is not closed properly, then it could become accessible to other users while retaining the same privileges that were originally assigned, leaving the cursor ""dangling."""
62,UNIX Hard Link,Variant,Simple,Incomplete,Allowed,"The product, when opening a file or directory, does not sufficiently account for when the name is associated with a hard link to a target that is outside of the intended control sphere. This could allow an attacker to cause the product to operate on unauthorized files."
620,Unverified Password Change,Base,Simple,Draft,Allowed,"When setting a new password for a user, the product does not require knowledge of the original password, or using another form of authentication."
621,Variable Extraction Error,Variant,Simple,Incomplete,Allowed,"The product uses external input to determine the names of variables into which information is extracted, without verifying that the names of the specified variables are valid. This could cause the program to overwrite unintended variables."
622,Improper Validation of Function Hook Arguments,Variant,Simple,Draft,Allowed,"The product adds hooks to user-accessible API functions, but it does not properly validate the arguments. This could lead to resultant vulnerabilities."
623,Unsafe ActiveX Control Marked Safe For Scripting,Variant,Simple,Draft,Allowed,"An ActiveX control is intended for restricted use, but it has been marked as safe-for-scripting."
624,Executable Regular Expression Error,Base,Simple,Incomplete,Allowed,"The product uses a regular expression that either (1) contains an executable component with user-controlled inputs, or (2) allows a user to enable execution by inserting pattern modifiers."
625,Permissive Regular Expression,Base,Simple,Draft,Allowed,The product uses a regular expression that does not sufficiently restrict the set of allowed values.
626,Null Byte Interaction Error (Poison Null Byte),Variant,Simple,Draft,Allowed,The product does not properly handle null bytes or NUL characters when passing data between different representations or components.
627,Dynamic Variable Evaluation,Variant,Simple,Incomplete,Allowed,"In a language where the user can influence the name of a variable at runtime, if the variable names are not controlled, an attacker can read or write to arbitrary variables, or access arbitrary functions."
628,Function Call with Incorrectly Specified Arguments,Base,Simple,Draft,Allowed,"The product calls a function, procedure, or routine with arguments that are not correctly specified, leading to always-incorrect behavior and resultant weaknesses."
639,Authorization Bypass Through User-Controlled Key,Base,Simple,Incomplete,Allowed,The system's authorization functionality does not prevent one user from gaining access to another user's data or record by modifying the key value identifying the data.
64,Windows Shortcut Following (.LNK),Variant,Simple,Incomplete,Allowed,"The product, when opening a file or directory, does not sufficiently handle when the file is a Windows shortcut (.LNK) whose target is outside of the intended control sphere. This could allow an attacker to cause the product to operate on unauthorized files."
641,Improper Restriction of Names for Files and Other Resources,Base,Simple,Incomplete,Allowed,"The product constructs the name of a file or other resource using input from an upstream component, but it does not restrict or incorrectly restricts the resulting name."
643,Improper Neutralization of Data within XPath Expressions ('XPath Injection'),Base,Simple,Incomplete,Allowed,"The product uses external input to dynamically construct an XPath expression used to retrieve data from an XML database, but it does not neutralize or incorrectly neutralizes that input. This allows an attacker to control the structure of the query."
644,Improper Neutralization of HTTP Headers for Scripting Syntax,Variant,Simple,Incomplete,Allowed,"The product does not neutralize or incorrectly neutralizes web scripting syntax in HTTP headers that can be used by web browser components that can process raw headers, such as Flash."
645,Overly Restrictive Account Lockout Mechanism,Base,Simple,Incomplete,Allowed,"The product contains an account lockout protection mechanism, but the mechanism is too restrictive and can be triggered too easily, which allows attackers to deny service to legitimate users by causing their accounts to be locked out."
646,Reliance on File Name or Extension of Externally-Supplied File,Variant,Simple,Incomplete,Allowed,"The product allows a file to be uploaded, but it relies on the file name or extension of the file to determine the appropriate behaviors. This could be used by attackers to cause the file to be misclassified and processed in a dangerous fashion."
647,Use of Non-Canonical URL Paths for Authorization Decisions,Variant,Simple,Incomplete,Allowed,The product defines policy namespaces and makes authorization decisions based on the assumption that a URL is canonical. This can allow a non-canonical URL to bypass the authorization.
648,Incorrect Use of Privileged APIs,Base,Simple,Incomplete,Allowed,The product does not conform to the API requirements for a function call that requires extra privileges. This could allow attackers to gain privileges by causing the function to be called incorrectly.
649,Reliance on Obfuscation or Encryption of Security-Relevant Inputs without Integrity Checking,Base,Simple,Incomplete,Allowed,"The product uses obfuscation or encryption of inputs that should not be mutable by an external actor, but the product does not use integrity checks to detect if those inputs have been modified."
65,Windows Hard Link,Variant,Simple,Incomplete,Allowed,"The product, when opening a file or directory, does not sufficiently handle when the name is associated with a hard link to a target that is outside of the intended control sphere. This could allow an attacker to cause the product to operate on unauthorized files."
650,Trusting HTTP Permission Methods on the Server Side,Variant,Simple,Incomplete,Allowed,"The server contains a protection mechanism that assumes that any URI that is accessed using HTTP GET will not cause a state change to the associated resource. This might allow attackers to bypass intended access restrictions and conduct resource modification and deletion attacks, since some applications allow GET to modify state."
651,Exposure of WSDL File Containing Sensitive Information,Variant,Simple,Incomplete,Allowed,The Web services architecture may require exposing a Web Service Definition Language (WSDL) file that contains information on the publicly accessible services and how callers of these services should interact with them (e.g. what parameters they expect and what types they return).
652,Improper Neutralization of Data within XQuery Expressions ('XQuery Injection'),Base,Simple,Incomplete,Allowed,"The product uses external input to dynamically construct an XQuery expression used to retrieve data from an XML database, but it does not neutralize or incorrectly neutralizes that input. This allows an attacker to control the structure of the query."
653,Improper Isolation or Compartmentalization,Class,Simple,Draft,Allowed,"The product does not properly compartmentalize or isolate functionality, processes, or resources that require different privilege levels, rights, or permissions."
654,Reliance on a Single Factor in a Security Decision,Base,Simple,Draft,Allowed,"A protection mechanism relies exclusively, or to a large extent, on the evaluation of a single condition or the integrity of a single object or entity in order to make a decision about granting access to restricted resources or functionality."
66,Improper Handling of File Names that Identify Virtual Resources,Base,Simple,Draft,Allowed,"The product does not handle or incorrectly handles a file name that identifies a ""virtual"" resource that is not directly specified within the directory that is associated with the file name, causing the product to perform file-based operations on a resource that is not a file."
663,Use of a Non-reentrant Function in a Concurrent Context,Base,Simple,Draft,Allowed,The product calls a non-reentrant function in a concurrent context in which a competing code sequence (e.g. thread or signal handler) may have an opportunity to call the same function or otherwise influence its state.
67,Improper Handling of Windows Device Names,Variant,Simple,Incomplete,Allowed,"The product constructs pathnames from user input, but it does not handle or incorrectly handles a pathname containing a Windows device name such as AUX or CON. This typically leads to denial of service or an information exposure when the application attempts to process the pathname as a regular file."
676,Use of Potentially Dangerous Function,Base,Simple,Draft,Allowed,"The product invokes a potentially dangerous function that could introduce a vulnerability if it is used incorrectly, but the function can also be used safely."
681,Incorrect Conversion between Numeric Types,Base,Simple,Draft,Allowed,"When converting from one data type to another, such as long to integer, data can be omitted or translated in a way that produces unexpected values. If the resulting values are used in a sensitive context, then dangerous behaviors may occur."
683,Function Call With Incorrect Order of Arguments,Variant,Simple,Draft,Allowed,"The product calls a function, procedure, or routine, but the caller specifies the arguments in an incorrect order, leading to resultant weaknesses."
685,Function Call With Incorrect Number of Arguments,Variant,Simple,Draft,Allowed,"The product calls a function, procedure, or routine, but the caller specifies too many arguments, or too few arguments, which may lead to undefined behavior and resultant weaknesses."
686,Function Call With Incorrect Argument Type,Variant,Simple,Draft,Allowed,"The product calls a function, procedure, or routine, but the caller specifies an argument that is the wrong data type, which may lead to resultant weaknesses."
687,Function Call With Incorrectly Specified Argument Value,Variant,Simple,Draft,Allowed,"The product calls a function, procedure, or routine, but the caller specifies an argument that contains the wrong value, which may lead to resultant weaknesses."
688,Function Call With Incorrect Variable or Reference as Argument,Variant,Simple,Draft,Allowed,"The product calls a function, procedure, or routine, but the caller specifies the wrong variable or reference as one of the arguments, which may lead to undefined behavior and resultant weaknesses."
689,Permission Race Condition During Resource Copy,Compound,Composite,Draft,Allowed,"The product, while copying or cloning a resource, does not set the resource's permissions or access control until the copy is complete, leaving the resource exposed to other spheres while the copy is taking place."
69,Improper Handling of Windows ::DATA Alternate Data Stream,Variant,Simple,Incomplete,Allowed,"The product does not properly prevent access to, or detect usage of, alternate data streams (ADS)."
694,Use of Multiple Resources with Duplicate Identifier,Base,Simple,Incomplete,Allowed,"The product uses multiple resources that can have the same identifier, in a context in which unique identifiers are required."
695,Use of Low-Level Functionality,Base,Simple,Incomplete,Allowed,The product uses low-level functionality that is explicitly prohibited by the framework or specification under which the product is supposed to operate.
698,Execution After Redirect (EAR),Base,Simple,Incomplete,Allowed,"The web application sends a redirect to another location, but instead of exiting, it executes additional code."
7,J2EE Misconfiguration: Missing Custom Error Page,Variant,Simple,Incomplete,Allowed,The default error page of a web application should not display sensitive information about the product.
708,Incorrect Ownership Assignment,Base,Simple,Incomplete,Allowed,"The product assigns an owner to a resource, but the owner is outside of the intended control sphere."
72,Improper Handling of Apple HFS+ Alternate Data Stream Path,Variant,Simple,Incomplete,Allowed,The product does not properly handle special paths that may identify the data or resource fork of a file on the HFS+ file system.
73,External Control of File Name or Path,Base,Simple,Draft,Allowed,The product allows user input to control or influence paths or file names that are used in filesystem operations.
733,Compiler Optimization Removal or Modification of Security-critical Code,Base,Simple,Incomplete,Allowed,"The developer builds a security-critical protection mechanism into the software, but the compiler optimizes the program such that the mechanism is removed or modified."
749,Exposed Dangerous Method or Function,Base,Simple,Incomplete,Allowed,"The product provides an Applications Programming Interface (API) or similar interface for interaction with external actors, but the interface includes a dangerous method or function that is not properly restricted."
756,Missing Custom Error Page,Base,Simple,Incomplete,Allowed,"The product does not return custom error pages to the user, possibly exposing sensitive information."
757,Selection of Less-Secure Algorithm During Negotiation ('Algorithm Downgrade'),Base,Simple,Incomplete,Allowed,"A protocol or its implementation supports interaction between multiple actors and allows those actors to negotiate which algorithm should be used as a protection mechanism such as encryption or authentication, but it does not select the strongest algorithm that is available to both parties."
759,Use of a One-Way Hash without a Salt,Variant,Simple,Incomplete,Allowed,"The product uses a one-way cryptographic hash against an input that should not be reversible, such as a password, but the product does not also use a salt as part of the input."
76,Improper Neutralization of Equivalent Special Elements,Base,Simple,Draft,Allowed,"The product correctly neutralizes certain special elements, but it improperly neutralizes equivalent special elements."
760,Use of a One-Way Hash with a Predictable Salt,Variant,Simple,Incomplete,Allowed,"The product uses a one-way cryptographic hash against an input that should not be reversible, such as a password, but the product uses a predictable salt as part of the input."
761,Free of Pointer not at Start of Buffer,Variant,Simple,Incomplete,Allowed,"The product calls free() on a pointer to a memory resource that was allocated on the heap, but the pointer is not at the start of the buffer."
762,Mismatched Memory Management Routines,Variant,Simple,Incomplete,Allowed,"The product attempts to return a memory resource to the system, but it calls a release function that is not compatible with the function that was originally used to allocate that resource."
763,Release of Invalid Pointer or Reference,Base,Simple,Incomplete,Allowed,"The product attempts to return a memory resource to the system, but it calls the wrong release function or calls the appropriate release function incorrectly."
764,Multiple Locks of a Critical Resource,Base,Simple,Incomplete,Allowed,"The product locks a critical resource more times than intended, leading to an unexpected state in the system."
765,Multiple Unlocks of a Critical Resource,Base,Simple,Incomplete,Allowed,"The product unlocks a critical resource more times than intended, leading to an unexpected state in the system."
766,Critical Data Element Declared Public,Base,Simple,Incomplete,Allowed,"The product declares a critical variable, field, or member to be public when intended security policy requires it to be private."
767,Access to Critical Private Variable via Public Method,Base,Simple,Incomplete,Allowed,The product defines a public method that reads or modifies a private variable.
768,Incorrect Short Circuit Evaluation,Variant,Simple,Incomplete,Allowed,"The product contains a conditional statement with multiple logical expressions in which one of the non-leading expressions may produce side effects. This may lead to an unexpected state in the program after the execution of the conditional, because short-circuiting logic may prevent the side effects from occurring."
770,Allocation of Resources Without Limits or Throttling,Base,Simple,Incomplete,Allowed,The product allocates a reusable resource or group of resources on behalf of an actor without imposing any intended restrictions on the size or number of resources that can be allocated.
771,Missing Reference to Active Allocated Resource,Base,Simple,Incomplete,Allowed,"The product does not properly maintain a reference to a resource that has been allocated, which prevents the resource from being reclaimed."
772,Missing Release of Resource after Effective Lifetime,Base,Simple,Draft,Allowed,"The product does not release a resource after its effective lifetime has ended, i.e., after the resource is no longer needed."
773,Missing Reference to Active File Descriptor or Handle,Variant,Simple,Incomplete,Allowed,"The product does not properly maintain references to a file descriptor or handle, which prevents that file descriptor/handle from being reclaimed."
774,Allocation of File Descriptors or Handles Without Limits or Throttling,Variant,Simple,Incomplete,Allowed,"The product allocates file descriptors or handles on behalf of an actor without imposing any restrictions on how many descriptors can be allocated, in violation of the intended security policy for that actor."
775,Missing Release of File Descriptor or Handle after Effective Lifetime,Variant,Simple,Incomplete,Allowed,"The product does not release a file descriptor or handle after its effective lifetime has ended, i.e., after the file descriptor/handle is no longer needed."
776,Improper Restriction of Recursive Entity References in DTDs ('XML Entity Expansion'),Base,Simple,Draft,Allowed,"The product uses XML documents and allows their structure to be defined with a Document Type Definition (DTD), but it does not properly control the number of recursive definitions of entities."
777,Regular Expression without Anchors,Variant,Simple,Incomplete,Allowed,"The product uses a regular expression to perform neutralization, but the regular expression is not anchored and may allow malicious or malformed data to slip through."
778,Insufficient Logging,Base,Simple,Draft,Allowed,"When a security-critical event occurs, the product either does not record the event or omits important details about the event when logging it."
779,Logging of Excessive Data,Base,Simple,Draft,Allowed,"The product logs too much information, making log files hard to process and possibly hindering recovery efforts or forensic analysis after an attack."
78,Improper Neutralization of Special Elements used in an OS Command ('OS Command Injection'),Base,Simple,Stable,Allowed,"The product constructs all or part of an OS command using externally-influenced input from an upstream component, but it does not neutralize or incorrectly neutralizes special elements that could modify the intended OS command when it is sent to a downstream component."
780,Use of RSA Algorithm without OAEP,Variant,Simple,Incomplete,Allowed,"The product uses the RSA algorithm but does not incorporate Optimal Asymmetric Encryption Padding (OAEP), which might weaken the encryption."
781,Improper Address Validation in IOCTL with METHOD_NEITHER I/O Control Code,Variant,Simple,Draft,Allowed,"The product defines an IOCTL that uses METHOD_NEITHER for I/O, but it does not validate or incorrectly validates the addresses that are provided."
782,Exposed IOCTL with Insufficient Access Control,Variant,Simple,Draft,Allowed,"The product implements an IOCTL with functionality that should be restricted, but it does not properly enforce access control for the IOCTL."
783,Operator Precedence Logic Error,Base,Simple,Draft,Allowed,The product uses an expression in which operator precedence causes incorrect logic to be used.
784,Reliance on Cookies without Validation and Integrity Checking in a Security Decision,Variant,Simple,Draft,Allowed,"The product uses a protection mechanism that relies on the existence or values of a cookie, but it does not properly ensure that the cookie is valid for the associated user."
785,Use of Path Manipulation Function without Maximum-sized Buffer,Variant,Simple,Incomplete,Allowed,"The product invokes a function for normalizing paths or file names, but it provides an output buffer that is smaller than the maximum possible size, such as PATH_MAX."
789,Memory Allocation with Excessive Size Value,Variant,Simple,Draft,Allowed,"The product allocates memory based on an untrusted, large size value, but it does not ensure that the size is within expected limits, allowing arbitrary amounts of memory to be allocated."
79,Improper Neutralization of Input During Web Page Generation ('Cross-site Scripting'),Base,Simple,Stable,Allowed,The product does not neutralize or incorrectly neutralizes user-controllable input before it is placed in output that is used as a web page that is served to other users.
791,Incomplete Filtering of Special Elements,Base,Simple,Incomplete,Allowed,"The product receives data from an upstream component, but does not completely filter special elements before sending it to a downstream component."
792,Incomplete Filtering of One or More Instances of Special Elements,Variant,Simple,Incomplete,Allowed,"The product receives data from an upstream component, but does not completely filter one or more instances of special elements before sending it to a downstream component."
793,Only Filtering One Instance of a Special Element,Variant,Simple,Incomplete,Allowed,"The product receives data from an upstream component, but only filters a single instance of a special element before sending it to a downstream component."
794,Incomplete Filtering of Multiple Instances of Special Elements,Variant,Simple,Incomplete,Allowed,"The product receives data from an upstream component, but does not filter all instances of a special element before sending it to a downstream component."
795,Only Filtering Special Elements at a Specified Location,Base,Simple,Incomplete,Allowed,"The product receives data from an upstream component, but only accounts for special elements at a specified location, thereby missing remaining special elements that may exist before sending it to a downstream component."
796,Only Filtering Special Elements Relative to a Marker,Variant,Simple,Incomplete,Allowed,"The product receives data from an upstream component, but only accounts for special elements positioned relative to a marker (e.g. ""at the beginning/end of a string; the second argument""), thereby missing remaining special elements that may exist before sending it to a downstream component."
797,Only Filtering Special Elements at an Absolute Position,Variant,Simple,Incomplete,Allowed,"The product receives data from an upstream component, but only accounts for special elements at an absolute position (e.g. ""byte number 10""), thereby missing remaining special elements that may exist before sending it to a downstream component."
8,J2EE Misconfiguration: Entity Bean Declared Remote,Variant,Simple,Incomplete,Allowed,"When an application exposes a remote interface for an entity bean, it might also expose methods that get or set the bean's data. These methods could be leveraged to read sensitive information, or to change data in ways that violate the application's expectations, potentially leading to other vulnerabilities."
80,Improper Neutralization of Script-Related HTML Tags in a Web Page (Basic XSS),Variant,Simple,Incomplete,Allowed,"The product receives input from an upstream component, but it does not neutralize or incorrectly neutralizes special characters such as ""<"", "">"", and ""&"" that could be interpreted as web-scripting elements when they are sent to a downstream component that processes web pages."
804,Guessable CAPTCHA,Base,Simple,Incomplete,Allowed,"The product uses a CAPTCHA challenge, but the challenge can be guessed or automatically recognized by a non-human actor."
805,Buffer Access with Incorrect Length Value,Base,Simple,Incomplete,Allowed,"The product uses a sequential operation to read or write a buffer, but it uses an incorrect length value that causes it to access memory that is outside of the bounds of the buffer."
806,Buffer Access Using Size of Source Buffer,Variant,Simple,Incomplete,Allowed,"The product uses the size of a source buffer when reading from or writing to a destination buffer, which may cause it to access memory that is outside of the bounds of the buffer."
807,Reliance on Untrusted Inputs in a Security Decision,Base,Simple,Incomplete,Allowed,"The product uses a protection mechanism that relies on the existence or values of an input, but the input can be modified by an untrusted actor in a way that bypasses the protection mechanism."
81,Improper Neutralization of Script in an Error Message Web Page,Variant,Simple,Incomplete,Allowed,"The product receives input from an upstream component, but it does not neutralize or incorrectly neutralizes special characters that could be interpreted as web-scripting elements when they are sent to an error page."
82,Improper Neutralization of Script in Attributes of IMG Tags in a Web Page,Variant,Simple,Incomplete,Allowed,"The web application does not neutralize or incorrectly neutralizes scripting elements within attributes of HTML IMG tags, such as the src attribute."
820,Missing Synchronization,Base,Simple,Incomplete,Allowed,The product utilizes a shared resource in a concurrent manner but does not attempt to synchronize access to the resource.
821,Incorrect Synchronization,Base,Simple,Incomplete,Allowed,"The product utilizes a shared resource in a concurrent manner, but it does not correctly synchronize access to the resource."
822,Untrusted Pointer Dereference,Base,Simple,Incomplete,Allowed,"The product obtains a value from an untrusted source, converts this value to a pointer, and dereferences the resulting pointer."
823,Use of Out-of-range Pointer Offset,Base,Simple,Incomplete,Allowed,"The product performs pointer arithmetic on a valid pointer, but it uses an offset that can point outside of the intended range of valid memory locations for the resulting pointer."
824,Access of Uninitialized Pointer,Base,Simple,Incomplete,Allowed,The product accesses or uses a pointer that has not been initialized.
825,Expired Pointer Dereference,Base,Simple,Incomplete,Allowed,"The product dereferences a pointer that contains a location for memory that was previously valid, but is no longer valid."
826,Premature Release of Resource During Expected Lifetime,Base,Simple,Incomplete,Allowed,The product releases a resource that is still intended to be used by itself or another actor.
827,Improper Control of Document Type Definition,Variant,Simple,Incomplete,Allowed,"The product does not restrict a reference to a Document Type Definition (DTD) to the intended control sphere. This might allow attackers to reference arbitrary DTDs, possibly causing the product to expose files, consume excessive system resources, or execute arbitrary http requests on behalf of the attacker."
828,Signal Handler with Functionality that is not Asynchronous-Safe,Variant,Simple,Incomplete,Allowed,"The product defines a signal handler that contains code sequences that are not asynchronous-safe, i.e., the functionality is not reentrant, or it can be interrupted."
829,Inclusion of Functionality from Untrusted Control Sphere,Base,Simple,Incomplete,Allowed,"The product imports, requires, or includes executable functionality (such as a library) from a source that is outside of the intended control sphere."
83,Improper Neutralization of Script in Attributes in a Web Page,Variant,Simple,Draft,Allowed,"The product does not neutralize or incorrectly neutralizes ""javascript:"" or other URIs from dangerous attributes within tags, such as onmouseover, onload, onerror, or style."
830,Inclusion of Web Functionality from an Untrusted Source,Variant,Simple,Incomplete,Allowed,"The product includes web functionality (such as a web widget) from another domain, which causes it to operate within the domain of the product, potentially granting total access and control of the product to the untrusted source."
831,Signal Handler Function Associated with Multiple Signals,Variant,Simple,Incomplete,Allowed,The product defines a function that is used as a handler for more than one signal.
832,Unlock of a Resource that is not Locked,Base,Simple,Incomplete,Allowed,The product attempts to unlock a resource that is not locked.
833,Deadlock,Base,Simple,Incomplete,Allowed,"The product contains multiple threads or executable segments that are waiting for each other to release a necessary lock, resulting in deadlock."
835,Loop with Unreachable Exit Condition ('Infinite Loop'),Base,Simple,Incomplete,Allowed,"The product contains an iteration or loop with an exit condition that cannot be reached, i.e., an infinite loop."
836,Use of Password Hash Instead of Password for Authentication,Base,Simple,Incomplete,Allowed,"The product records password hashes in a data store, receives a hash of a password from a client, and compares the supplied hash to the hash obtained from the data store."
837,"Improper Enforcement of a Single, Unique Action",Base,Simple,Incomplete,Allowed,"The product requires that an actor should only be able to perform an action once, or to have only one unique action, but the product does not enforce or improperly enforces this restriction."
838,Inappropriate Encoding for Output Context,Base,Simple,Incomplete,Allowed,"The product uses or specifies an encoding when generating output to a downstream component, but the specified encoding is not the same as the encoding that is expected by the downstream component."
839,Numeric Range Comparison Without Minimum Check,Base,Simple,Incomplete,Allowed,"The product checks a value to ensure that it is less than or equal to a maximum, but it does not also verify that the value is greater than or equal to the minimum."
84,Improper Neutralization of Encoded URI Schemes in a Web Page,Variant,Simple,Draft,Allowed,The web application improperly neutralizes user-controlled input for executable script disguised with URI encodings.
841,Improper Enforcement of Behavioral Workflow,Class,Simple,Incomplete,Allowed,"The product supports a session in which more than one behavior must be performed by an actor, but it does not properly ensure that the actor performs the behaviors in the required sequence."
842,Placement of User into Incorrect Group,Base,Simple,Incomplete,Allowed,The product or the administrator places a user into an incorrect group.
843,Access of Resource Using Incompatible Type ('Type Confusion'),Base,Simple,Incomplete,Allowed,"The product allocates or initializes a resource such as a pointer, object, or variable using one type, but it later accesses that resource using a type that is incompatible with the original type."
85,Doubled Character XSS Manipulations,Variant,Simple,Draft,Allowed,The web application does not filter user-controlled input for executable script disguised using doubling of the involved characters.
86,Improper Neutralization of Invalid Characters in Identifiers in Web Pages,Variant,Simple,Draft,Allowed,"The product does not neutralize or incorrectly neutralizes invalid characters or byte sequences in the middle of tag names, URI schemes, and other identifiers."
87,Improper Neutralization of Alternate XSS Syntax,Variant,Simple,Draft,Allowed,The product does not neutralize or incorrectly neutralizes user-controlled input for alternate script syntax.
88,Improper Neutralization of Argument Delimiters in a Command ('Argument Injection'),Base,Simple,Draft,Allowed,"The product constructs a string for a command to be executed by a separate component
in another control sphere, but it does not properly delimit the
intended arguments, options, or switches within that command string."
89,Improper Neutralization of Special Elements used in an SQL Command ('SQL Injection'),Base,Simple,Stable,Allowed,"The product constructs all or part of an SQL command using externally-influenced input from an upstream component, but it does not neutralize or incorrectly neutralizes special elements that could modify the intended SQL command when it is sent to a downstream component. Without sufficient removal or quoting of SQL syntax in user-controllable inputs, the generated SQL query can cause those inputs to be interpreted as SQL instead of ordinary user data."
9,J2EE Misconfiguration: Weak Access Permissions for EJB Methods,Variant,Simple,Draft,Allowed,"If elevated access rights are assigned to EJB methods, then an attacker can take advantage of the permissions to exploit the product."
90,Improper Neutralization of Special Elements used in an LDAP Query ('LDAP Injection'),Base,Simple,Draft,Allowed,"The product constructs all or part of an LDAP query using externally-influenced input from an upstream component, but it does not neutralize or incorrectly neutralizes special elements that could modify the intended LDAP query when it is sent to a downstream component."
908,Use of Uninitialized Resource,Base,Simple,Incomplete,Allowed,The product uses or accesses a resource that has not been initialized.
910,Use of Expired File Descriptor,Base,Simple,Incomplete,Allowed,The product uses or accesses a file descriptor after it has been closed.
911,Improper Update of Reference Count,Base,Simple,Incomplete,Allowed,"The product uses a reference count to manage a resource, but it does not update or incorrectly updates the reference count."
914,Improper Control of Dynamically-Identified Variables,Base,Simple,Incomplete,Allowed,The product does not properly restrict reading from or writing to dynamically-identified variables.
915,Improperly Controlled Modification of Dynamically-Determined Object Attributes,Base,Simple,Incomplete,Allowed,"The product receives input from an upstream component that specifies multiple attributes, properties, or fields that are to be initialized or updated in an object, but it does not properly control which attributes can be modified."
916,Use of Password Hash With Insufficient Computational Effort,Base,Simple,Incomplete,Allowed,"The product generates a hash for a password, but it uses a scheme that does not provide a sufficient level of computational effort that would make password cracking attacks infeasible or expensive."
917,Improper Neutralization of Special Elements used in an Expression Language Statement ('Expression Language Injection'),Base,Simple,Incomplete,Allowed,"The product constructs all or part of an expression language (EL) statement in a framework such as a Java Server Page (JSP) using externally-influenced input from an upstream component, but it does not neutralize or incorrectly neutralizes special elements that could modify the intended EL statement before it is executed."
918,Server-Side Request Forgery (SSRF),Base,Simple,Incomplete,Allowed,"The web server receives a URL or similar request from an upstream component and retrieves the contents of this URL, but it does not sufficiently ensure that the request is being sent to the expected destination."
920,Improper Restriction of Power Consumption,Base,Simple,Incomplete,Allowed,"The product operates in an environment in which power is a limited resource that cannot be automatically replenished, but the product does not properly restrict the amount of power that its operation consumes."
921,Storage of Sensitive Data in a Mechanism without Access Control,Base,Simple,Incomplete,Allowed,The product stores sensitive information in a file system or device that does not have built-in access control.
924,Improper Enforcement of Message Integrity During Transmission in a Communication Channel,Base,Simple,Incomplete,Allowed,"The product establishes a communication channel with an endpoint and receives a message from that endpoint, but it does not sufficiently ensure that the message was not modified during transmission."
925,Improper Verification of Intent by Broadcast Receiver,Variant,Simple,Incomplete,Allowed,The Android application uses a Broadcast Receiver that receives an Intent but does not properly verify that the Intent came from an authorized source.
926,Improper Export of Android Application Components,Variant,Simple,Incomplete,Allowed,"The Android application exports a component for use by other applications, but does not properly restrict which applications can launch the component or access the data it contains."
927,Use of Implicit Intent for Sensitive Communication,Variant,Simple,Incomplete,Allowed,The Android application uses an implicit intent for transmitting sensitive data to other applications.
93,Improper Neutralization of CRLF Sequences ('CRLF Injection'),Base,Simple,Draft,Allowed,"The product uses CRLF (carriage return line feeds) as a special element, e.g. to separate lines or records, but it does not neutralize or incorrectly neutralizes CRLF sequences from inputs."
939,Improper Authorization in Handler for Custom URL Scheme,Base,Simple,Incomplete,Allowed,"The product uses a handler for a custom URL scheme, but it does not properly restrict which actors can invoke the handler using the scheme."
940,Improper Verification of Source of a Communication Channel,Base,Simple,Incomplete,Allowed,"The product establishes a communication channel to handle an incoming request that has been initiated by an actor, but it does not properly verify that the request is coming from the expected origin."
941,Incorrectly Specified Destination in a Communication Channel,Base,Simple,Incomplete,Allowed,"The product creates a communication channel to initiate an outgoing request to an actor, but it does not correctly specify the intended destination for that actor."
942,Permissive Cross-domain Security Policy with Untrusted Domains,Variant,Simple,Incomplete,Allowed,"The product uses a web-client protection
         mechanism such as a Content Security Policy (CSP) or
         cross-domain policy file, but the policy includes untrusted
         domains with which the web client is allowed to
         communicate."
95,Improper Neutralization of Directives in Dynamically Evaluated Code ('Eval Injection'),Variant,Simple,Incomplete,Allowed,"The product receives input from an upstream component, but it does not neutralize or incorrectly neutralizes code syntax before using the input in a dynamic evaluation call (e.g. ""eval"")."
96,Improper Neutralization of Directives in Statically Saved Code ('Static Code Injection'),Base,Simple,Draft,Allowed,"The product receives input from an upstream component, but it does not neutralize or incorrectly neutralizes code syntax before inserting the input into an executable resource, such as a library, configuration file, or template."
97,Improper Neutralization of Server-Side Includes (SSI) Within a Web Page,Variant,Simple,Draft,Allowed,"The product generates a web page, but does not neutralize or incorrectly neutralizes user-controllable input that could be interpreted as a server-side include (SSI) directive."
98,Improper Control of Filename for Include/Require Statement in PHP Program ('PHP Remote File Inclusion'),Variant,Simple,Draft,Allowed,"The PHP application receives input from an upstream component, but it does not restrict or incorrectly restricts the input before its usage in ""require,"" ""include,"" or similar functions."
